Sequence,intensity,type,rep,ori
18,18,18,18,18
24,24,24,24,24
24,24,24,24,24
24,24,24,24,24
24,24,24,24,24
24,24,24,24,24
24,24,24,24,24
24,24,24,24,24
24,24,24,24,24
24,24,24,24,24
24,24,24,24,24
24,24,24,24,24
24,24,24,24,24
24,24,24,24,24
24,24,24,24,24
24,24,24,24,24
24,24,24,24,24
24,24,24,24,24
24,24,24,24,24
24,24,24,24,24
24,24,24,24,24
24,24,24,24,24
24,24,24,24,24
24,24,24,24,24
24,24,24,24,24
24,24,24,24,24
24,24,24,24,24
24,24,24,24,24
24,24,24,24,24
24,24,24,24,24
24,24,24,24,24
24,24,24,24,24
24,24,24,24,24
24,24,24,24,24
24,24,24,24,24
24,24,24,24,24
24,24,24,24,24
24,24,24,24,24
24,24,24,24,24
24,24,24,24,24
24,24,24,24,24
24,24,24,24,24
24,24,24,24,24
24,24,24,24,24
24,24,24,24,24
24,24,24,24,24
24,24,24,24,24
24,24,24,24,24
24,24,24,24,24
24,24,24,24,24
24,24,24,24,24
24,24,24,24,24
24,24,24,24,24
24,24,24,24,24
24,24,24,24,24
24,24,24,24,24
24,24,24,24,24
24,24,24,24,24
24,24,24,24,24
24,24,24,24,24
24,24,24,24,24
24,24,24,24,24
24,24,24,24,24
24,24,24,24,24
24,24,24,24,24
24,24,24,24,24
24,24,24,24,24
24,24,24,24,24
24,24,24,24,24
24,24,24,24,24
24,24,24,24,24
24,24,24,24,24
24,24,24,24,24
24,24,24,24,24
24,24,24,24,24
24,24,24,24,24
24,24,24,24,24
24,24,24,24,24
24,24,24,24,24
24,24,24,24,24
24,24,24,24,24
24,24,24,24,24
24,24,24,24,24
24,24,24,24,24
24,24,24,24,24
24,24,24,24,24
24,24,24,24,24
24,24,24,24,24
24,24,24,24,24
24,24,24,24,24
24,24,24,24,24
24,24,24,24,24
24,24,24,24,24
24,24,24,24,24
24,24,24,24,24
24,24,24,24,24
24,24,24,24,24
24,24,24,24,24
24,24,24,24,24
24,24,24,24,24
24,24,24,24,24
24,24,24,24,24
24,24,24,24,24
24,24,24,24,24
24,24,24,24,24
24,24,24,24,24
24,24,24,24,24
24,24,24,24,24
24,24,24,24,24
24,24,24,24,24
24,24,24,24,24
24,24,24,24,24
24,24,24,24,24
24,24,24,24,24
24,24,24,24,24
24,24,24,24,24
24,24,24,24,24
24,24,24,24,24
24,24,24,24,24
24,24,24,24,24
24,24,24,24,24
24,24,24,24,24
24,24,24,24,24
24,24,24,24,24
24,24,24,24,24
24,24,24,24,24
24,24,24,24,24
24,24,24,24,24
24,24,24,24,24
24,24,24,24,24
24,24,24,24,24
24,24,24,24,24
24,24,24,24,24
24,24,24,24,24
24,24,24,24,24
24,24,24,24,24
24,24,24,24,24
24,24,24,24,24
24,24,24,24,24
24,24,24,24,24
24,24,24,24,24
24,24,24,24,24
24,24,24,24,24
24,24,24,24,24
24,24,24,24,24
24,24,24,24,24
24,24,24,24,24
24,24,24,24,24
24,24,24,24,24
24,24,24,24,24
24,24,24,24,24
24,24,24,24,24
24,24,24,24,24
24,24,24,24,24
24,24,24,24,24
24,24,24,24,24
24,24,24,24,24
24,24,24,24,24
24,24,24,24,24
24,24,24,24,24
24,24,24,24,24
24,24,24,24,24
24,24,24,24,24
24,24,24,24,24
24,24,24,24,24
24,24,24,24,24
24,24,24,24,24
24,24,24,24,24
24,24,24,24,24
24,24,24,24,24
24,24,24,24,24
24,24,24,24,24
24,24,24,24,24
24,24,24,24,24
24,24,24,24,24
24,24,24,24,24
24,24,24,24,24
24,24,24,24,24
24,24,24,24,24
24,24,24,24,24
24,24,24,24,24
24,24,24,24,24
24,24,24,24,24
24,24,24,24,24
24,24,24,24,24
24,24,24,24,24
24,24,24,24,24
24,24,24,24,24
24,24,24,24,24
24,24,24,24,24
24,24,24,24,24
24,24,24,24,24
24,24,24,24,24
24,24,24,24,24
24,24,24,24,24
24,24,24,24,24
24,24,24,24,24
24,24,24,24,24
24,24,24,24,24
24,24,24,24,24
24,24,24,24,24
24,24,24,24,24
24,24,24,24,24
24,24,24,24,24
24,24,24,24,24
24,24,24,24,24
24,24,24,24,24
24,24,24,24,24
24,24,24,24,24
24,24,24,24,24
24,24,24,24,24
24,24,24,24,24
24,24,24,24,24
24,24,24,24,24
24,24,24,24,24
24,24,24,24,24
24,24,24,24,24
24,24,24,24,24
24,24,24,24,24
24,24,24,24,24
24,24,24,24,24
24,24,24,24,24
24,24,24,24,24
24,24,24,24,24
24,24,24,24,24
24,24,24,24,24
24,24,24,24,24
24,24,24,24,24
24,24,24,24,24
24,24,24,24,24
24,24,24,24,24
24,24,24,24,24
24,24,24,24,24
24,24,24,24,24
24,24,24,24,24
24,24,24,24,24
24,24,24,24,24
24,24,24,24,24
24,24,24,24,24
24,24,24,24,24
24,24,24,24,24
24,24,24,24,24
24,24,24,24,24
24,24,24,24,24
24,24,24,24,24
24,24,24,24,24
24,24,24,24,24
24,24,24,24,24
24,24,24,24,24
24,24,24,24,24
24,24,24,24,24
24,24,24,24,24
24,24,24,24,24
24,24,24,24,24
24,24,24,24,24
24,24,24,24,24
24,24,24,24,24
24,24,24,24,24
24,24,24,24,24
24,24,24,24,24
24,24,24,24,24
24,24,24,24,24
24,24,24,24,24
24,24,24,24,24
24,24,24,24,24
24,24,24,24,24
24,24,24,24,24
24,24,24,24,24
24,24,24,24,24
24,24,24,24,24
24,24,24,24,24
24,24,24,24,24
24,24,24,24,24
24,24,24,24,24
24,24,24,24,24
24,24,24,24,24
24,24,24,24,24
24,24,24,24,24
24,24,24,24,24
24,24,24,24,24
24,24,24,24,24
24,24,24,24,24
24,24,24,24,24
24,24,24,24,24
24,24,24,24,24
24,24,24,24,24
24,24,24,24,24
24,24,24,24,24
24,24,24,24,24
24,24,24,24,24
24,24,24,24,24
24,24,24,24,24
24,24,24,24,24
24,24,24,24,24
24,24,24,24,24
24,24,24,24,24
24,24,24,24,24
24,24,24,24,24
24,24,24,24,24
24,24,24,24,24
24,24,24,24,24
24,24,24,24,24
24,24,24,24,24
24,24,24,24,24
24,24,24,24,24
24,24,24,24,24
24,24,24,24,24
24,24,24,24,24
24,24,24,24,24
24,24,24,24,24
24,24,24,24,24
24,24,24,24,24
24,24,24,24,24
24,24,24,24,24
24,24,24,24,24
24,24,24,24,24
24,24,24,24,24
24,24,24,24,24
24,24,24,24,24
24,24,24,24,24
24,24,24,24,24
24,24,24,24,24
24,24,24,24,24
24,24,24,24,24
24,24,24,24,24
24,24,24,24,24
24,24,24,24,24
24,24,24,24,24
24,24,24,24,24
24,24,24,24,24
24,24,24,24,24
24,24,24,24,24
24,24,24,24,24
24,24,24,24,24
24,24,24,24,24
24,24,24,24,24
24,24,24,24,24
24,24,24,24,24
24,24,24,24,24
24,24,24,24,24
24,24,24,24,24
24,24,24,24,24
24,24,24,24,24
24,24,24,24,24
24,24,24,24,24
24,24,24,24,24
24,24,24,24,24
24,24,24,24,24
24,24,24,24,24
24,24,24,24,24
24,24,24,24,24
24,24,24,24,24
24,24,24,24,24
24,24,24,24,24
24,24,24,24,24
24,24,24,24,24
24,24,24,24,24
24,24,24,24,24
24,24,24,24,24
24,24,24,24,24
24,24,24,24,24
24,24,24,24,24
24,24,24,24,24
24,24,24,24,24
24,24,24,24,24
24,24,24,24,24
24,24,24,24,24
24,24,24,24,24
24,24,24,24,24
24,24,24,24,24
24,24,24,24,24
24,24,24,24,24
24,24,24,24,24
24,24,24,24,24
24,24,24,24,24
24,24,24,24,24
24,24,24,24,24
24,24,24,24,24
24,24,24,24,24
24,24,24,24,24
24,24,24,24,24
24,24,24,24,24
24,24,24,24,24
24,24,24,24,24
24,24,24,24,24
24,24,24,24,24
24,24,24,24,24
24,24,24,24,24
24,24,24,24,24
24,24,24,24,24
24,24,24,24,24
24,24,24,24,24
24,24,24,24,24
24,24,24,24,24
24,24,24,24,24
24,24,24,24,24
24,24,24,24,24
24,24,24,24,24
24,24,24,24,24
24,24,24,24,24
24,24,24,24,24
24,24,24,24,24
24,24,24,24,24
24,24,24,24,24
24,24,24,24,24
24,24,24,24,24
24,24,24,24,24
24,24,24,24,24
24,24,24,24,24
24,24,24,24,24
24,24,24,24,24
24,24,24,24,24
24,24,24,24,24
24,24,24,24,24
24,24,24,24,24
24,24,24,24,24
24,24,24,24,24
24,24,24,24,24
24,24,24,24,24
24,24,24,24,24
24,24,24,24,24
24,24,24,24,24
24,24,24,24,24
24,24,24,24,24
24,24,24,24,24
24,24,24,24,24
24,24,24,24,24
24,24,24,24,24
24,24,24,24,24
24,24,24,24,24
24,24,24,24,24
24,24,24,24,24
24,24,24,24,24
24,24,24,24,24
24,24,24,24,24
24,24,24,24,24
24,24,24,24,24
24,24,24,24,24
24,24,24,24,24
24,24,24,24,24
24,24,24,24,24
24,24,24,24,24
24,24,24,24,24
24,24,24,24,24
24,24,24,24,24
24,24,24,24,24
24,24,24,24,24
24,24,24,24,24
24,24,24,24,24
24,24,24,24,24
24,24,24,24,24
24,24,24,24,24
24,24,24,24,24
24,24,24,24,24
24,24,24,24,24
24,24,24,24,24
24,24,24,24,24
24,24,24,24,24
24,24,24,24,24
24,24,24,24,24
24,24,24,24,24
24,24,24,24,24
24,24,24,24,24
24,24,24,24,24
24,24,24,24,24
24,24,24,24,24
24,24,24,24,24
24,24,24,24,24
24,24,24,24,24
24,24,24,24,24
24,24,24,24,24
24,24,24,24,24
24,24,24,24,24
24,24,24,24,24
24,24,24,24,24
24,24,24,24,24
24,24,24,24,24
24,24,24,24,24
24,24,24,24,24
24,24,24,24,24
24,24,24,24,24
24,24,24,24,24
24,24,24,24,24
24,24,24,24,24
24,24,24,24,24
24,24,24,24,24
24,24,24,24,24
24,24,24,24,24
24,24,24,24,24
24,24,24,24,24
24,24,24,24,24
24,24,24,24,24
24,24,24,24,24
24,24,24,24,24
24,24,24,24,24
24,24,24,24,24
24,24,24,24,24
24,24,24,24,24
24,24,24,24,24
24,24,24,24,24
24,24,24,24,24
24,24,24,24,24
24,24,24,24,24
24,24,24,24,24
24,24,24,24,24
24,24,24,24,24
24,24,24,24,24
24,24,24,24,24
24,24,24,24,24
24,24,24,24,24
24,24,24,24,24
24,24,24,24,24
24,24,24,24,24
24,24,24,24,24
24,24,24,24,24
24,24,24,24,24
24,24,24,24,24
24,24,24,24,24
24,24,24,24,24
24,24,24,24,24
24,24,24,24,24
24,24,24,24,24
24,24,24,24,24
24,24,24,24,24
24,24,24,24,24
24,24,24,24,24
24,24,24,24,24
24,24,24,24,24
24,24,24,24,24
24,24,24,24,24
24,24,24,24,24
24,24,24,24,24
24,24,24,24,24
24,24,24,24,24
24,24,24,24,24
24,24,24,24,24
24,24,24,24,24
24,24,24,24,24
24,24,24,24,24
24,24,24,24,24
24,24,24,24,24
24,24,24,24,24
24,24,24,24,24
24,24,24,24,24
24,24,24,24,24
24,24,24,24,24
24,24,24,24,24
24,24,24,24,24
24,24,24,24,24
24,24,24,24,24
24,24,24,24,24
24,24,24,24,24
24,24,24,24,24
24,24,24,24,24
24,24,24,24,24
24,24,24,24,24
24,24,24,24,24
24,24,24,24,24
24,24,24,24,24
24,24,24,24,24
24,24,24,24,24
24,24,24,24,24
24,24,24,24,24
24,24,24,24,24
24,24,24,24,24
24,24,24,24,24
24,24,24,24,24
24,24,24,24,24
24,24,24,24,24
24,24,24,24,24
24,24,24,24,24
24,24,24,24,24
24,24,24,24,24
24,24,24,24,24
24,24,24,24,24
24,24,24,24,24
24,24,24,24,24
24,24,24,24,24
24,24,24,24,24
24,24,24,24,24
24,24,24,24,24
24,24,24,24,24
24,24,24,24,24
24,24,24,24,24
24,24,24,24,24
24,24,24,24,24
24,24,24,24,24
24,24,24,24,24
24,24,24,24,24
24,24,24,24,24
24,24,24,24,24
24,24,24,24,24
24,24,24,24,24
24,24,24,24,24
24,24,24,24,24
24,24,24,24,24
24,24,24,24,24
24,24,24,24,24
24,24,24,24,24
24,24,24,24,24
24,24,24,24,24
24,24,24,24,24
24,24,24,24,24
24,24,24,24,24
24,24,24,24,24
24,24,24,24,24
24,24,24,24,24
24,24,24,24,24
24,24,24,24,24
24,24,24,24,24
24,24,24,24,24
24,24,24,24,24
24,24,24,24,24
24,24,24,24,24
24,24,24,24,24
24,24,24,24,24
24,24,24,24,24
24,24,24,24,24
24,24,24,24,24
24,24,24,24,24
24,24,24,24,24
24,24,24,24,24
24,24,24,24,24
24,24,24,24,24
24,24,24,24,24
24,24,24,24,24
24,24,24,24,24
24,24,24,24,24
24,24,24,24,24
24,24,24,24,24
24,24,24,24,24
24,24,24,24,24
24,24,24,24,24
24,24,24,24,24
24,24,24,24,24
24,24,24,24,24
24,24,24,24,24
24,24,24,24,24
24,24,24,24,24
24,24,24,24,24
24,24,24,24,24
24,24,24,24,24
24,24,24,24,24
24,24,24,24,24
24,24,24,24,24
24,24,24,24,24
24,24,24,24,24
24,24,24,24,24
24,24,24,24,24
24,24,24,24,24
24,24,24,24,24
24,24,24,24,24
24,24,24,24,24
24,24,24,24,24
24,24,24,24,24
24,24,24,24,24
24,24,24,24,24
24,24,24,24,24
24,24,24,24,24
24,24,24,24,24
24,24,24,24,24
24,24,24,24,24
24,24,24,24,24
24,24,24,24,24
24,24,24,24,24
24,24,24,24,24
24,24,24,24,24
24,24,24,24,24
24,24,24,24,24
24,24,24,24,24
24,24,24,24,24
24,24,24,24,24
24,24,24,24,24
24,24,24,24,24
24,24,24,24,24
24,24,24,24,24
24,24,24,24,24
24,24,24,24,24
24,24,24,24,24
24,24,24,24,24
24,24,24,24,24
24,24,24,24,24
24,24,24,24,24
24,24,24,24,24
24,24,24,24,24
24,24,24,24,24
24,24,24,24,24
24,24,24,24,24
24,24,24,24,24
24,24,24,24,24
24,24,24,24,24
24,24,24,24,24
24,24,24,24,24
24,24,24,24,24
24,24,24,24,24
24,24,24,24,24
24,24,24,24,24
24,24,24,24,24
24,24,24,24,24
24,24,24,24,24
24,24,24,24,24
24,24,24,24,24
24,24,24,24,24
24,24,24,24,24
24,24,24,24,24
24,24,24,24,24
24,24,24,24,24
24,24,24,24,24
24,24,24,24,24
24,24,24,24,24
24,24,24,24,24
24,24,24,24,24
24,24,24,24,24
24,24,24,24,24
24,24,24,24,24
24,24,24,24,24
24,24,24,24,24
24,24,24,24,24
24,24,24,24,24
24,24,24,24,24
24,24,24,24,24
24,24,24,24,24
24,24,24,24,24
24,24,24,24,24
24,24,24,24,24
24,24,24,24,24
24,24,24,24,24
24,24,24,24,24
24,24,24,24,24
24,24,24,24,24
24,24,24,24,24
24,24,24,24,24
24,24,24,24,24
24,24,24,24,24
24,24,24,24,24
24,24,24,24,24
24,24,24,24,24
24,24,24,24,24
24,24,24,24,24
24,24,24,24,24
24,24,24,24,24
24,24,24,24,24
24,24,24,24,24
24,24,24,24,24
24,24,24,24,24
24,24,24,24,24
24,24,24,24,24
24,24,24,24,24
24,24,24,24,24
24,24,24,24,24
24,24,24,24,24
24,24,24,24,24
24,24,24,24,24
24,24,24,24,24
24,24,24,24,24
24,24,24,24,24
24,24,24,24,24
24,24,24,24,24
24,24,24,24,24
24,24,24,24,24
24,24,24,24,24
24,24,24,24,24
24,24,24,24,24
24,24,24,24,24
24,24,24,24,24
24,24,24,24,24
24,24,24,24,24
24,24,24,24,24
24,24,24,24,24
24,24,24,24,24
24,24,24,24,24
24,24,24,24,24
24,24,24,24,24
24,24,24,24,24
24,24,24,24,24
24,24,24,24,24
24,24,24,24,24
24,24,24,24,24
24,24,24,24,24
24,24,24,24,24
24,24,24,24,24
24,24,24,24,24
24,24,24,24,24
24,24,24,24,24
24,24,24,24,24
24,24,24,24,24
24,24,24,24,24
24,24,24,24,24
24,24,24,24,24
24,24,24,24,24
24,24,24,24,24
24,24,24,24,24
24,24,24,24,24
24,24,24,24,24
24,24,24,24,24
24,24,24,24,24
24,24,24,24,24
24,24,24,24,24
24,24,24,24,24
24,24,24,24,24
24,24,24,24,24
24,24,24,24,24
24,24,24,24,24
24,24,24,24,24
24,24,24,24,24
24,24,24,24,24
24,24,24,24,24
24,24,24,24,24
24,24,24,24,24
24,24,24,24,24
24,24,24,24,24
24,24,24,24,24
24,24,24,24,24
24,24,24,24,24
24,24,24,24,24
24,24,24,24,24
24,24,24,24,24
24,24,24,24,24
24,24,24,24,24
24,24,24,24,24
24,24,24,24,24
24,24,24,24,24
24,24,24,24,24
24,24,24,24,24
24,24,24,24,24
24,24,24,24,24
24,24,24,24,24
24,24,24,24,24
24,24,24,24,24
24,24,24,24,24
24,24,24,24,24
24,24,24,24,24
24,24,24,24,24
24,24,24,24,24
24,24,24,24,24
24,24,24,24,24
24,24,24,24,24
24,24,24,24,24
24,24,24,24,24
24,24,24,24,24
24,24,24,24,24
24,24,24,24,24
24,24,24,24,24
24,24,24,24,24
24,24,24,24,24
24,24,24,24,24
24,24,24,24,24
24,24,24,24,24
24,24,24,24,24
24,24,24,24,24
24,24,24,24,24
24,24,24,24,24
24,24,24,24,24
24,24,24,24,24
24,24,24,24,24
24,24,24,24,24
24,24,24,24,24
24,24,24,24,24
24,24,24,24,24
24,24,24,24,24
24,24,24,24,24
24,24,24,24,24
24,24,24,24,24
24,24,24,24,24
24,24,24,24,24
24,24,24,24,24
24,24,24,24,24
24,24,24,24,24
24,24,24,24,24
24,24,24,24,24
24,24,24,24,24
24,24,24,24,24
24,24,24,24,24
24,24,24,24,24
24,24,24,24,24
24,24,24,24,24
24,24,24,24,24
24,24,24,24,24
24,24,24,24,24
24,24,24,24,24
24,24,24,24,24
24,24,24,24,24
24,24,24,24,24
24,24,24,24,24
24,24,24,24,24
24,24,24,24,24
24,24,24,24,24
24,24,24,24,24
24,24,24,24,24
24,24,24,24,24
24,24,24,24,24
24,24,24,24,24
24,24,24,24,24
24,24,24,24,24
24,24,24,24,24
24,24,24,24,24
24,24,24,24,24
24,24,24,24,24
24,24,24,24,24
24,24,24,24,24
24,24,24,24,24
24,24,24,24,24
24,24,24,24,24
24,24,24,24,24
24,24,24,24,24
24,24,24,24,24
24,24,24,24,24
24,24,24,24,24
24,24,24,24,24
24,24,24,24,24
24,24,24,24,24
24,24,24,24,24
24,24,24,24,24
24,24,24,24,24
24,24,24,24,24
24,24,24,24,24
24,24,24,24,24
24,24,24,24,24
24,24,24,24,24
24,24,24,24,24
24,24,24,24,24
24,24,24,24,24
24,24,24,24,24
24,24,24,24,24
24,24,24,24,24
24,24,24,24,24
24,24,24,24,24
24,24,24,24,24
24,24,24,24,24
24,24,24,24,24
24,24,24,24,24
24,24,24,24,24
24,24,24,24,24
24,24,24,24,24
24,24,24,24,24
24,24,24,24,24
24,24,24,24,24
24,24,24,24,24
24,24,24,24,24
24,24,24,24,24
24,24,24,24,24
24,24,24,24,24
24,24,24,24,24
24,24,24,24,24
24,24,24,24,24
24,24,24,24,24
24,24,24,24,24
24,24,24,24,24
24,24,24,24,24
24,24,24,24,24
24,24,24,24,24
24,24,24,24,24
24,24,24,24,24
24,24,24,24,24
24,24,24,24,24
24,24,24,24,24
24,24,24,24,24
24,24,24,24,24
24,24,24,24,24
24,24,24,24,24
24,24,24,24,24
24,24,24,24,24
24,24,24,24,24
24,24,24,24,24
24,24,24,24,24
24,24,24,24,24
24,24,24,24,24
24,24,24,24,24
24,24,24,24,24
24,24,24,24,24
24,24,24,24,24
24,24,24,24,24
24,24,24,24,24
24,24,24,24,24
24,24,24,24,24
24,24,24,24,24
24,24,24,24,24
24,24,24,24,24
24,24,24,24,24
24,24,24,24,24
24,24,24,24,24
24,24,24,24,24
24,24,24,24,24
24,24,24,24,24
24,24,24,24,24
24,24,24,24,24
24,24,24,24,24
24,24,24,24,24
24,24,24,24,24
24,24,24,24,24
24,24,24,24,24
24,24,24,24,24
24,24,24,24,24
24,24,24,24,24
24,24,24,24,24
24,24,24,24,24
24,24,24,24,24
24,24,24,24,24
24,24,24,24,24
24,24,24,24,24
24,24,24,24,24
24,24,24,24,24
24,24,24,24,24
24,24,24,24,24
24,24,24,24,24
24,24,24,24,24
24,24,24,24,24
24,24,24,24,24
24,24,24,24,24
24,24,24,24,24
24,24,24,24,24
24,24,24,24,24
24,24,24,24,24
24,24,24,24,24
24,24,24,24,24
24,24,24,24,24
24,24,24,24,24
24,24,24,24,24
24,24,24,24,24
24,24,24,24,24
24,24,24,24,24
24,24,24,24,24
24,24,24,24,24
24,24,24,24,24
24,24,24,24,24
24,24,24,24,24
24,24,24,24,24
24,24,24,24,24
24,24,24,24,24
24,24,24,24,24
24,24,24,24,24
24,24,24,24,24
24,24,24,24,24
24,24,24,24,24
24,24,24,24,24
24,24,24,24,24
24,24,24,24,24
24,24,24,24,24
24,24,24,24,24
24,24,24,24,24
24,24,24,24,24
24,24,24,24,24
24,24,24,24,24
24,24,24,24,24
24,24,24,24,24
24,24,24,24,24
24,24,24,24,24
24,24,24,24,24
24,24,24,24,24
24,24,24,24,24
24,24,24,24,24
24,24,24,24,24
24,24,24,24,24
24,24,24,24,24
24,24,24,24,24
24,24,24,24,24
24,24,24,24,24
24,24,24,24,24
24,24,24,24,24
24,24,24,24,24
24,24,24,24,24
24,24,24,24,24
24,24,24,24,24
24,24,24,24,24
24,24,24,24,24
24,24,24,24,24
24,24,24,24,24
24,24,24,24,24
24,24,24,24,24
24,24,24,24,24
24,24,24,24,24
24,24,24,24,24
24,24,24,24,24
24,24,24,24,24
24,24,24,24,24
24,24,24,24,24
24,24,24,24,24
24,24,24,24,24
24,24,24,24,24
24,24,24,24,24
24,24,24,24,24
24,24,24,24,24
24,24,24,24,24
24,24,24,24,24
24,24,24,24,24
24,24,24,24,24
24,24,24,24,24
24,24,24,24,24
24,24,24,24,24
24,24,24,24,24
24,24,24,24,24
24,24,24,24,24
24,24,24,24,24
24,24,24,24,24
24,24,24,24,24
24,24,24,24,24
24,24,24,24,24
24,24,24,24,24
24,24,24,24,24
24,24,24,24,24
24,24,24,24,24
24,24,24,24,24
24,24,24,24,24
24,24,24,24,24
24,24,24,24,24
24,24,24,24,24
24,24,24,24,24
24,24,24,24,24
24,24,24,24,24
24,24,24,24,24
24,24,24,24,24
24,24,24,24,24
24,24,24,24,24
24,24,24,24,24
24,24,24,24,24
24,24,24,24,24
24,24,24,24,24
24,24,24,24,24
24,24,24,24,24
24,24,24,24,24
24,24,24,24,24
24,24,24,24,24
24,24,24,24,24
24,24,24,24,24
24,24,24,24,24
24,24,24,24,24
24,24,24,24,24
24,24,24,24,24
24,24,24,24,24
24,24,24,24,24
24,24,24,24,24
24,24,24,24,24
24,24,24,24,24
24,24,24,24,24
24,24,24,24,24
24,24,24,24,24
24,24,24,24,24
24,24,24,24,24
24,24,24,24,24
24,24,24,24,24
24,24,24,24,24
24,24,24,24,24
24,24,24,24,24
24,24,24,24,24
24,24,24,24,24
24,24,24,24,24
24,24,24,24,24
24,24,24,24,24
24,24,24,24,24
24,24,24,24,24
24,24,24,24,24
24,24,24,24,24
24,24,24,24,24
24,24,24,24,24
24,24,24,24,24
24,24,24,24,24
24,24,24,24,24
24,24,24,24,24
24,24,24,24,24
24,24,24,24,24
24,24,24,24,24
24,24,24,24,24
24,24,24,24,24
24,24,24,24,24
24,24,24,24,24
24,24,24,24,24
24,24,24,24,24
24,24,24,24,24
24,24,24,24,24
24,24,24,24,24
24,24,24,24,24
24,24,24,24,24
24,24,24,24,24
24,24,24,24,24
24,24,24,24,24
24,24,24,24,24
24,24,24,24,24
24,24,24,24,24
24,24,24,24,24
24,24,24,24,24
24,24,24,24,24
24,24,24,24,24
24,24,24,24,24
24,24,24,24,24
24,24,24,24,24
24,24,24,24,24
24,24,24,24,24
24,24,24,24,24
24,24,24,24,24
24,24,24,24,24
24,24,24,24,24
24,24,24,24,24
24,24,24,24,24
24,24,24,24,24
24,24,24,24,24
24,24,24,24,24
24,24,24,24,24
24,24,24,24,24
24,24,24,24,24
24,24,24,24,24
24,24,24,24,24
24,24,24,24,24
24,24,24,24,24
24,24,24,24,24
24,24,24,24,24
24,24,24,24,24
24,24,24,24,24
24,24,24,24,24
24,24,24,24,24
24,24,24,24,24
24,24,24,24,24
24,24,24,24,24
24,24,24,24,24
24,24,24,24,24
24,24,24,24,24
24,24,24,24,24
24,24,24,24,24
24,24,24,24,24
24,24,24,24,24
24,24,24,24,24
24,24,24,24,24
24,24,24,24,24
24,24,24,24,24
24,24,24,24,24
24,24,24,24,24
24,24,24,24,24
24,24,24,24,24
24,24,24,24,24
24,24,24,24,24
24,24,24,24,24
24,24,24,24,24
24,24,24,24,24
24,24,24,24,24
24,24,24,24,24
24,24,24,24,24
24,24,24,24,24
24,24,24,24,24
24,24,24,24,24
24,24,24,24,24
24,24,24,24,24
24,24,24,24,24
24,24,24,24,24
24,24,24,24,24
24,24,24,24,24
24,24,24,24,24
24,24,24,24,24
24,24,24,24,24
24,24,24,24,24
24,24,24,24,24
24,24,24,24,24
24,24,24,24,24
24,24,24,24,24
24,24,24,24,24
24,24,24,24,24
24,24,24,24,24
24,24,24,24,24
24,24,24,24,24
24,24,24,24,24
24,24,24,24,24
24,24,24,24,24
24,24,24,24,24
24,24,24,24,24
24,24,24,24,24
24,24,24,24,24
24,24,24,24,24
24,24,24,24,24
24,24,24,24,24
24,24,24,24,24
24,24,24,24,24
24,24,24,24,24
24,24,24,24,24
24,24,24,24,24
24,24,24,24,24
24,24,24,24,24
24,24,24,24,24
24,24,24,24,24
24,24,24,24,24
24,24,24,24,24
24,24,24,24,24
24,24,24,24,24
24,24,24,24,24
24,24,24,24,24
24,24,24,24,24
24,24,24,24,24
24,24,24,24,24
24,24,24,24,24
24,24,24,24,24
24,24,24,24,24
24,24,24,24,24
24,24,24,24,24
24,24,24,24,24
24,24,24,24,24
24,24,24,24,24
24,24,24,24,24
24,24,24,24,24
24,24,24,24,24
24,24,24,24,24
24,24,24,24,24
24,24,24,24,24
24,24,24,24,24
24,24,24,24,24
24,24,24,24,24
24,24,24,24,24
24,24,24,24,24
24,24,24,24,24
24,24,24,24,24
24,24,24,24,24
24,24,24,24,24
24,24,24,24,24
24,24,24,24,24
24,24,24,24,24
24,24,24,24,24
24,24,24,24,24
24,24,24,24,24
24,24,24,24,24
24,24,24,24,24
24,24,24,24,24
24,24,24,24,24
24,24,24,24,24
24,24,24,24,24
24,24,24,24,24
24,24,24,24,24
24,24,24,24,24
24,24,24,24,24
24,24,24,24,24
24,24,24,24,24
24,24,24,24,24
24,24,24,24,24
24,24,24,24,24
24,24,24,24,24
24,24,24,24,24
24,24,24,24,24
24,24,24,24,24
24,24,24,24,24
24,24,24,24,24
24,24,24,24,24
24,24,24,24,24
24,24,24,24,24
24,24,24,24,24
24,24,24,24,24
24,24,24,24,24
24,24,24,24,24
24,24,24,24,24
24,24,24,24,24
24,24,24,24,24
24,24,24,24,24
24,24,24,24,24
24,24,24,24,24
24,24,24,24,24
24,24,24,24,24
24,24,24,24,24
24,24,24,24,24
24,24,24,24,24
24,24,24,24,24
24,24,24,24,24
24,24,24,24,24
24,24,24,24,24
24,24,24,24,24
24,24,24,24,24
24,24,24,24,24
24,24,24,24,24
24,24,24,24,24
24,24,24,24,24
24,24,24,24,24
24,24,24,24,24
24,24,24,24,24
24,24,24,24,24
24,24,24,24,24
24,24,24,24,24
24,24,24,24,24
24,24,24,24,24
24,24,24,24,24
24,24,24,24,24
24,24,24,24,24
24,24,24,24,24
24,24,24,24,24
24,24,24,24,24
24,24,24,24,24
24,24,24,24,24
24,24,24,24,24
24,24,24,24,24
24,24,24,24,24
24,24,24,24,24
24,24,24,24,24
24,24,24,24,24
24,24,24,24,24
24,24,24,24,24
24,24,24,24,24
24,24,24,24,24
24,24,24,24,24
24,24,24,24,24
24,24,24,24,24
24,24,24,24,24
24,24,24,24,24
24,24,24,24,24
24,24,24,24,24
24,24,24,24,24
24,24,24,24,24
24,24,24,24,24
24,24,24,24,24
24,24,24,24,24
24,24,24,24,24
24,24,24,24,24
24,24,24,24,24
24,24,24,24,24
24,24,24,24,24
24,24,24,24,24
24,24,24,24,24
24,24,24,24,24
24,24,24,24,24
24,24,24,24,24
24,24,24,24,24
24,24,24,24,24
24,24,24,24,24
24,24,24,24,24
24,24,24,24,24
24,24,24,24,24
24,24,24,24,24
24,24,24,24,24
24,24,24,24,24
24,24,24,24,24
24,24,24,24,24
24,24,24,24,24
24,24,24,24,24
24,24,24,24,24
24,24,24,24,24
24,24,24,24,24
24,24,24,24,24
24,24,24,24,24
24,24,24,24,24
24,24,24,24,24
24,24,24,24,24
24,24,24,24,24
24,24,24,24,24
24,24,24,24,24
24,24,24,24,24
24,24,24,24,24
24,24,24,24,24
24,24,24,24,24
24,24,24,24,24
24,24,24,24,24
24,24,24,24,24
24,24,24,24,24
24,24,24,24,24
24,24,24,24,24
24,24,24,24,24
24,24,24,24,24
24,24,24,24,24
24,24,24,24,24
24,24,24,24,24
24,24,24,24,24
24,24,24,24,24
24,24,24,24,24
24,24,24,24,24
24,24,24,24,24
24,24,24,24,24
24,24,24,24,24
24,24,24,24,24
24,24,24,24,24
24,24,24,24,24
24,24,24,24,24
24,24,24,24,24
24,24,24,24,24
24,24,24,24,24
24,24,24,24,24
24,24,24,24,24
24,24,24,24,24
24,24,24,24,24
24,24,24,24,24
24,24,24,24,24
24,24,24,24,24
24,24,24,24,24
24,24,24,24,24
24,24,24,24,24
24,24,24,24,24
24,24,24,24,24
24,24,24,24,24
24,24,24,24,24
24,24,24,24,24
24,24,24,24,24
24,24,24,24,24
24,24,24,24,24
24,24,24,24,24
24,24,24,24,24
24,24,24,24,24
24,24,24,24,24
24,24,24,24,24
24,24,24,24,24
24,24,24,24,24
24,24,24,24,24
24,24,24,24,24
24,24,24,24,24
24,24,24,24,24
24,24,24,24,24
24,24,24,24,24
24,24,24,24,24
24,24,24,24,24
24,24,24,24,24
24,24,24,24,24
24,24,24,24,24
24,24,24,24,24
24,24,24,24,24
24,24,24,24,24
24,24,24,24,24
24,24,24,24,24
24,24,24,24,24
24,24,24,24,24
24,24,24,24,24
24,24,24,24,24
24,24,24,24,24
24,24,24,24,24
24,24,24,24,24
24,24,24,24,24
24,24,24,24,24
24,24,24,24,24
24,24,24,24,24
24,24,24,24,24
24,24,24,24,24
24,24,24,24,24
24,24,24,24,24
24,24,24,24,24
24,24,24,24,24
24,24,24,24,24
24,24,24,24,24
24,24,24,24,24
24,24,24,24,24
24,24,24,24,24
24,24,24,24,24
24,24,24,24,24
24,24,24,24,24
24,24,24,24,24
24,24,24,24,24
24,24,24,24,24
24,24,24,24,24
24,24,24,24,24
24,24,24,24,24
24,24,24,24,24
24,24,24,24,24
24,24,24,24,24
24,24,24,24,24
24,24,24,24,24
24,24,24,24,24
24,24,24,24,24
24,24,24,24,24
24,24,24,24,24
24,24,24,24,24
24,24,24,24,24
24,24,24,24,24
24,24,24,24,24
24,24,24,24,24
24,24,24,24,24
24,24,24,24,24
24,24,24,24,24
24,24,24,24,24
24,24,24,24,24
24,24,24,24,24
24,24,24,24,24
24,24,24,24,24
24,24,24,24,24
24,24,24,24,24
24,24,24,24,24
24,24,24,24,24
24,24,24,24,24
24,24,24,24,24
24,24,24,24,24
24,24,24,24,24
24,24,24,24,24
24,24,24,24,24
24,24,24,24,24
24,24,24,24,24
24,24,24,24,24
24,24,24,24,24
24,24,24,24,24
24,24,24,24,24
24,24,24,24,24
24,24,24,24,24
24,24,24,24,24
24,24,24,24,24
24,24,24,24,24
24,24,24,24,24
24,24,24,24,24
24,24,24,24,24
24,24,24,24,24
24,24,24,24,24
24,24,24,24,24
24,24,24,24,24
24,24,24,24,24
24,24,24,24,24
24,24,24,24,24
24,24,24,24,24
24,24,24,24,24
24,24,24,24,24
24,24,24,24,24
24,24,24,24,24
24,24,24,24,24
24,24,24,24,24
24,24,24,24,24
24,24,24,24,24
24,24,24,24,24
24,24,24,24,24
24,24,24,24,24
24,24,24,24,24
24,24,24,24,24
24,24,24,24,24
24,24,24,24,24
24,24,24,24,24
24,24,24,24,24
24,24,24,24,24
24,24,24,24,24
24,24,24,24,24
24,24,24,24,24
24,24,24,24,24
24,24,24,24,24
24,24,24,24,24
24,24,24,24,24
24,24,24,24,24
24,24,24,24,24
24,24,24,24,24
24,24,24,24,24
24,24,24,24,24
24,24,24,24,24
24,24,24,24,24
24,24,24,24,24
24,24,24,24,24
24,24,24,24,24
24,24,24,24,24
24,24,24,24,24
24,24,24,24,24
24,24,24,24,24
24,24,24,24,24
24,24,24,24,24
24,24,24,24,24
24,24,24,24,24
24,24,24,24,24
24,24,24,24,24
24,24,24,24,24
24,24,24,24,24
24,24,24,24,24
24,24,24,24,24
24,24,24,24,24
24,24,24,24,24
24,24,24,24,24
24,24,24,24,24
24,24,24,24,24
24,24,24,24,24
24,24,24,24,24
24,24,24,24,24
24,24,24,24,24
24,24,24,24,24
24,24,24,24,24
24,24,24,24,24
24,24,24,24,24
24,24,24,24,24
24,24,24,24,24
24,24,24,24,24
24,24,24,24,24
24,24,24,24,24
24,24,24,24,24
24,24,24,24,24
24,24,24,24,24
24,24,24,24,24
24,24,24,24,24
24,24,24,24,24
24,24,24,24,24
24,24,24,24,24
24,24,24,24,24
24,24,24,24,24
24,24,24,24,24
24,24,24,24,24
24,24,24,24,24
24,24,24,24,24
24,24,24,24,24
24,24,24,24,24
24,24,24,24,24
24,24,24,24,24
24,24,24,24,24
24,24,24,24,24
24,24,24,24,24
24,24,24,24,24
24,24,24,24,24
24,24,24,24,24
24,24,24,24,24
24,24,24,24,24
24,24,24,24,24
24,24,24,24,24
24,24,24,24,24
24,24,24,24,24
24,24,24,24,24
24,24,24,24,24
24,24,24,24,24
24,24,24,24,24
24,24,24,24,24
24,24,24,24,24
24,24,24,24,24
24,24,24,24,24
24,24,24,24,24
24,24,24,24,24
24,24,24,24,24
24,24,24,24,24
24,24,24,24,24
24,24,24,24,24
24,24,24,24,24
24,24,24,24,24
24,24,24,24,24
24,24,24,24,24
24,24,24,24,24
24,24,24,24,24
24,24,24,24,24
24,24,24,24,24
24,24,24,24,24
24,24,24,24,24
24,24,24,24,24
24,24,24,24,24
24,24,24,24,24
24,24,24,24,24
24,24,24,24,24
24,24,24,24,24
24,24,24,24,24
24,24,24,24,24
24,24,24,24,24
24,24,24,24,24
24,24,24,24,24
24,24,24,24,24
24,24,24,24,24
24,24,24,24,24
24,24,24,24,24
24,24,24,24,24
24,24,24,24,24
24,24,24,24,24
24,24,24,24,24
24,24,24,24,24
24,24,24,24,24
24,24,24,24,24
24,24,24,24,24
24,24,24,24,24
24,24,24,24,24
24,24,24,24,24
24,24,24,24,24
24,24,24,24,24
24,24,24,24,24
24,24,24,24,24
24,24,24,24,24
24,24,24,24,24
24,24,24,24,24
24,24,24,24,24
24,24,24,24,24
24,24,24,24,24
24,24,24,24,24
24,24,24,24,24
24,24,24,24,24
24,24,24,24,24
24,24,24,24,24
24,24,24,24,24
24,24,24,24,24
24,24,24,24,24
24,24,24,24,24
24,24,24,24,24
24,24,24,24,24
24,24,24,24,24
24,24,24,24,24
24,24,24,24,24
24,24,24,24,24
24,24,24,24,24
24,24,24,24,24
24,24,24,24,24
24,24,24,24,24
24,24,24,24,24
24,24,24,24,24
24,24,24,24,24
24,24,24,24,24
24,24,24,24,24
24,24,24,24,24
24,24,24,24,24
24,24,24,24,24
24,24,24,24,24
24,24,24,24,24
24,24,24,24,24
24,24,24,24,24
24,24,24,24,24
24,24,24,24,24
24,24,24,24,24
24,24,24,24,24
24,24,24,24,24
24,24,24,24,24
24,24,24,24,24
24,24,24,24,24
24,24,24,24,24
24,24,24,24,24
24,24,24,24,24
24,24,24,24,24
24,24,24,24,24
24,24,24,24,24
24,24,24,24,24
24,24,24,24,24
24,24,24,24,24
24,24,24,24,24
24,24,24,24,24
24,24,24,24,24
24,24,24,24,24
24,24,24,24,24
24,24,24,24,24
24,24,24,24,24
24,24,24,24,24
24,24,24,24,24
24,24,24,24,24
24,24,24,24,24
24,24,24,24,24
24,24,24,24,24
24,24,24,24,24
24,24,24,24,24
24,24,24,24,24
24,24,24,24,24
24,24,24,24,24
24,24,24,24,24
24,24,24,24,24
24,24,24,24,24
24,24,24,24,24
24,24,24,24,24
24,24,24,24,24
24,24,24,24,24
24,24,24,24,24
24,24,24,24,24
24,24,24,24,24
24,24,24,24,24
24,24,24,24,24
24,24,24,24,24
24,24,24,24,24
24,24,24,24,24
24,24,24,24,24
24,24,24,24,24
24,24,24,24,24
24,24,24,24,24
24,24,24,24,24
24,24,24,24,24
24,24,24,24,24
24,24,24,24,24
24,24,24,24,24
24,24,24,24,24
24,24,24,24,24
24,24,24,24,24
24,24,24,24,24
24,24,24,24,24
24,24,24,24,24
24,24,24,24,24
24,24,24,24,24
24,24,24,24,24
24,24,24,24,24
24,24,24,24,24
24,24,24,24,24
24,24,24,24,24
24,24,24,24,24
24,24,24,24,24
24,24,24,24,24
24,24,24,24,24
24,24,24,24,24
24,24,24,24,24
24,24,24,24,24
24,24,24,24,24
24,24,24,24,24
24,24,24,24,24
24,24,24,24,24
24,24,24,24,24
24,24,24,24,24
24,24,24,24,24
24,24,24,24,24
24,24,24,24,24
24,24,24,24,24
24,24,24,24,24
24,24,24,24,24
24,24,24,24,24
24,24,24,24,24
24,24,24,24,24
24,24,24,24,24
24,24,24,24,24
24,24,24,24,24
24,24,24,24,24
24,24,24,24,24
24,24,24,24,24
24,24,24,24,24
24,24,24,24,24
24,24,24,24,24
24,24,24,24,24
24,24,24,24,24
24,24,24,24,24
24,24,24,24,24
24,24,24,24,24
24,24,24,24,24
24,24,24,24,24
24,24,24,24,24
24,24,24,24,24
24,24,24,24,24
24,24,24,24,24
24,24,24,24,24
24,24,24,24,24
24,24,24,24,24
24,24,24,24,24
24,24,24,24,24
24,24,24,24,24
24,24,24,24,24
24,24,24,24,24
24,24,24,24,24
24,24,24,24,24
24,24,24,24,24
24,24,24,24,24
24,24,24,24,24
24,24,24,24,24
24,24,24,24,24
24,24,24,24,24
24,24,24,24,24
24,24,24,24,24
24,24,24,24,24
24,24,24,24,24
24,24,24,24,24
24,24,24,24,24
24,24,24,24,24
24,24,24,24,24
24,24,24,24,24
24,24,24,24,24
24,24,24,24,24
24,24,24,24,24
24,24,24,24,24
24,24,24,24,24
24,24,24,24,24
24,24,24,24,24
24,24,24,24,24
24,24,24,24,24
24,24,24,24,24
24,24,24,24,24
24,24,24,24,24
24,24,24,24,24
24,24,24,24,24
24,24,24,24,24
24,24,24,24,24
24,24,24,24,24
24,24,24,24,24
24,24,24,24,24
24,24,24,24,24
24,24,24,24,24
24,24,24,24,24
24,24,24,24,24
24,24,24,24,24
24,24,24,24,24
24,24,24,24,24
24,24,24,24,24
24,24,24,24,24
24,24,24,24,24
24,24,24,24,24
24,24,24,24,24
24,24,24,24,24
24,24,24,24,24
24,24,24,24,24
24,24,24,24,24
24,24,24,24,24
24,24,24,24,24
24,24,24,24,24
24,24,24,24,24
24,24,24,24,24
24,24,24,24,24
24,24,24,24,24
24,24,24,24,24
24,24,24,24,24
24,24,24,24,24
24,24,24,24,24
24,24,24,24,24
24,24,24,24,24
24,24,24,24,24
24,24,24,24,24
24,24,24,24,24
24,24,24,24,24
24,24,24,24,24
24,24,24,24,24
24,24,24,24,24
24,24,24,24,24
24,24,24,24,24
24,24,24,24,24
24,24,24,24,24
24,24,24,24,24
24,24,24,24,24
24,24,24,24,24
24,24,24,24,24
24,24,24,24,24
24,24,24,24,24
24,24,24,24,24
24,24,24,24,24
24,24,24,24,24
24,24,24,24,24
24,24,24,24,24
24,24,24,24,24
24,24,24,24,24
24,24,24,24,24
24,24,24,24,24
24,24,24,24,24
24,24,24,24,24
24,24,24,24,24
24,24,24,24,24
24,24,24,24,24
24,24,24,24,24
24,24,24,24,24
24,24,24,24,24
24,24,24,24,24
24,24,24,24,24
24,24,24,24,24
24,24,24,24,24
24,24,24,24,24
24,24,24,24,24
24,24,24,24,24
24,24,24,24,24
24,24,24,24,24
24,24,24,24,24
24,24,24,24,24
24,24,24,24,24
24,24,24,24,24
24,24,24,24,24
24,24,24,24,24
24,24,24,24,24
24,24,24,24,24
24,24,24,24,24
24,24,24,24,24
24,24,24,24,24
24,24,24,24,24
24,24,24,24,24
24,24,24,24,24
24,24,24,24,24
24,24,24,24,24
24,24,24,24,24
24,24,24,24,24
24,24,24,24,24
24,24,24,24,24
24,24,24,24,24
24,24,24,24,24
24,24,24,24,24
24,24,24,24,24
24,24,24,24,24
24,24,24,24,24
24,24,24,24,24
24,24,24,24,24
24,24,24,24,24
24,24,24,24,24
24,24,24,24,24
24,24,24,24,24
24,24,24,24,24
24,24,24,24,24
24,24,24,24,24
24,24,24,24,24
24,24,24,24,24
24,24,24,24,24
24,24,24,24,24
24,24,24,24,24
24,24,24,24,24
24,24,24,24,24
24,24,24,24,24
24,24,24,24,24
24,24,24,24,24
24,24,24,24,24
24,24,24,24,24
24,24,24,24,24
24,24,24,24,24
24,24,24,24,24
24,24,24,24,24
24,24,24,24,24
24,24,24,24,24
24,24,24,24,24
24,24,24,24,24
24,24,24,24,24
24,24,24,24,24
24,24,24,24,24
24,24,24,24,24
24,24,24,24,24
24,24,24,24,24
24,24,24,24,24
24,24,24,24,24
24,24,24,24,24
24,24,24,24,24
24,24,24,24,24
24,24,24,24,24
24,24,24,24,24
24,24,24,24,24
24,24,24,24,24
24,24,24,24,24
24,24,24,24,24
24,24,24,24,24
24,24,24,24,24
24,24,24,24,24
24,24,24,24,24
24,24,24,24,24
24,24,24,24,24
24,24,24,24,24
24,24,24,24,24
24,24,24,24,24
24,24,24,24,24
24,24,24,24,24
24,24,24,24,24
24,24,24,24,24
24,24,24,24,24
24,24,24,24,24
24,24,24,24,24
24,24,24,24,24
24,24,24,24,24
24,24,24,24,24
24,24,24,24,24
24,24,24,24,24
24,24,24,24,24
24,24,24,24,24
24,24,24,24,24
24,24,24,24,24
24,24,24,24,24
24,24,24,24,24
24,24,24,24,24
24,24,24,24,24
24,24,24,24,24
24,24,24,24,24
24,24,24,24,24
24,24,24,24,24
24,24,24,24,24
24,24,24,24,24
24,24,24,24,24
24,24,24,24,24
24,24,24,24,24
24,24,24,24,24
24,24,24,24,24
24,24,24,24,24
24,24,24,24,24
24,24,24,24,24
24,24,24,24,24
24,24,24,24,24
24,24,24,24,24
24,24,24,24,24
24,24,24,24,24
24,24,24,24,24
24,24,24,24,24
24,24,24,24,24
24,24,24,24,24
24,24,24,24,24
24,24,24,24,24
24,24,24,24,24
24,24,24,24,24
24,24,24,24,24
24,24,24,24,24
24,24,24,24,24
24,24,24,24,24
24,24,24,24,24
24,24,24,24,24
24,24,24,24,24
24,24,24,24,24
24,24,24,24,24
24,24,24,24,24
24,24,24,24,24
24,24,24,24,24
24,24,24,24,24
24,24,24,24,24
24,24,24,24,24
24,24,24,24,24
24,24,24,24,24
24,24,24,24,24
24,24,24,24,24
24,24,24,24,24
24,24,24,24,24
24,24,24,24,24
24,24,24,24,24
24,24,24,24,24
24,24,24,24,24
24,24,24,24,24
24,24,24,24,24
24,24,24,24,24
24,24,24,24,24
24,24,24,24,24
24,24,24,24,24
24,24,24,24,24
24,24,24,24,24
24,24,24,24,24
24,24,24,24,24
24,24,24,24,24
24,24,24,24,24
24,24,24,24,24
24,24,24,24,24
24,24,24,24,24
24,24,24,24,24
24,24,24,24,24
24,24,24,24,24
24,24,24,24,24
24,24,24,24,24
24,24,24,24,24
24,24,24,24,24
24,24,24,24,24
24,24,24,24,24
24,24,24,24,24
24,24,24,24,24
24,24,24,24,24
24,24,24,24,24
24,24,24,24,24
24,24,24,24,24
24,24,24,24,24
24,24,24,24,24
24,24,24,24,24
24,24,24,24,24
24,24,24,24,24
24,24,24,24,24
24,24,24,24,24
24,24,24,24,24
24,24,24,24,24
24,24,24,24,24
24,24,24,24,24
24,24,24,24,24
24,24,24,24,24
24,24,24,24,24
24,24,24,24,24
24,24,24,24,24
24,24,24,24,24
24,24,24,24,24
24,24,24,24,24
24,24,24,24,24
24,24,24,24,24
24,24,24,24,24
24,24,24,24,24
24,24,24,24,24
24,24,24,24,24
24,24,24,24,24
24,24,24,24,24
24,24,24,24,24
24,24,24,24,24
24,24,24,24,24
24,24,24,24,24
24,24,24,24,24
24,24,24,24,24
24,24,24,24,24
24,24,24,24,24
24,24,24,24,24
24,24,24,24,24
24,24,24,24,24
24,24,24,24,24
24,24,24,24,24
24,24,24,24,24
24,24,24,24,24
24,24,24,24,24
24,24,24,24,24
24,24,24,24,24
24,24,24,24,24
24,24,24,24,24
24,24,24,24,24
24,24,24,24,24
24,24,24,24,24
24,24,24,24,24
24,24,24,24,24
24,24,24,24,24
24,24,24,24,24
24,24,24,24,24
24,24,24,24,24
24,24,24,24,24
24,24,24,24,24
24,24,24,24,24
24,24,24,24,24
24,24,24,24,24
24,24,24,24,24
24,24,24,24,24
24,24,24,24,24
24,24,24,24,24
24,24,24,24,24
24,24,24,24,24
24,24,24,24,24
24,24,24,24,24
24,24,24,24,24
24,24,24,24,24
24,24,24,24,24
24,24,24,24,24
24,24,24,24,24
24,24,24,24,24
24,24,24,24,24
24,24,24,24,24
24,24,24,24,24
24,24,24,24,24
24,24,24,24,24
24,24,24,24,24
24,24,24,24,24
24,24,24,24,24
24,24,24,24,24
24,24,24,24,24
24,24,24,24,24
24,24,24,24,24
24,24,24,24,24
24,24,24,24,24
24,24,24,24,24
24,24,24,24,24
24,24,24,24,24
24,24,24,24,24
24,24,24,24,24
24,24,24,24,24
24,24,24,24,24
24,24,24,24,24
24,24,24,24,24
24,24,24,24,24
24,24,24,24,24
24,24,24,24,24
24,24,24,24,24
24,24,24,24,24
24,24,24,24,24
24,24,24,24,24
24,24,24,24,24
24,24,24,24,24
24,24,24,24,24
24,24,24,24,24
24,24,24,24,24
24,24,24,24,24
24,24,24,24,24
24,24,24,24,24
24,24,24,24,24
24,24,24,24,24
24,24,24,24,24
24,24,24,24,24
24,24,24,24,24
24,24,24,24,24
24,24,24,24,24
24,24,24,24,24
24,24,24,24,24
24,24,24,24,24
24,24,24,24,24
24,24,24,24,24
24,24,24,24,24
24,24,24,24,24
24,24,24,24,24
24,24,24,24,24
24,24,24,24,24
24,24,24,24,24
24,24,24,24,24
24,24,24,24,24
24,24,24,24,24
24,24,24,24,24
24,24,24,24,24
24,24,24,24,24
24,24,24,24,24
24,24,24,24,24
24,24,24,24,24
24,24,24,24,24
24,24,24,24,24
24,24,24,24,24
24,24,24,24,24
24,24,24,24,24
24,24,24,24,24
24,24,24,24,24
24,24,24,24,24
24,24,24,24,24
24,24,24,24,24
24,24,24,24,24
24,24,24,24,24
24,24,24,24,24
24,24,24,24,24
24,24,24,24,24
24,24,24,24,24
24,24,24,24,24
24,24,24,24,24
24,24,24,24,24
24,24,24,24,24
24,24,24,24,24
24,24,24,24,24
24,24,24,24,24
24,24,24,24,24
24,24,24,24,24
24,24,24,24,24
24,24,24,24,24
24,24,24,24,24
24,24,24,24,24
24,24,24,24,24
24,24,24,24,24
24,24,24,24,24
24,24,24,24,24
24,24,24,24,24
24,24,24,24,24
24,24,24,24,24
24,24,24,24,24
24,24,24,24,24
24,24,24,24,24
24,24,24,24,24
24,24,24,24,24
24,24,24,24,24
24,24,24,24,24
24,24,24,24,24
24,24,24,24,24
24,24,24,24,24
24,24,24,24,24
24,24,24,24,24
24,24,24,24,24
24,24,24,24,24
24,24,24,24,24
24,24,24,24,24
24,24,24,24,24
24,24,24,24,24
24,24,24,24,24
24,24,24,24,24
24,24,24,24,24
24,24,24,24,24
24,24,24,24,24
24,24,24,24,24
24,24,24,24,24
24,24,24,24,24
24,24,24,24,24
24,24,24,24,24
24,24,24,24,24
24,24,24,24,24
24,24,24,24,24
24,24,24,24,24
24,24,24,24,24
24,24,24,24,24
24,24,24,24,24
24,24,24,24,24
24,24,24,24,24
24,24,24,24,24
24,24,24,24,24
24,24,24,24,24
24,24,24,24,24
24,24,24,24,24
24,24,24,24,24
24,24,24,24,24
24,24,24,24,24
24,24,24,24,24
24,24,24,24,24
24,24,24,24,24
24,24,24,24,24
24,24,24,24,24
24,24,24,24,24
24,24,24,24,24
24,24,24,24,24
24,24,24,24,24
24,24,24,24,24
24,24,24,24,24
24,24,24,24,24
24,24,24,24,24
24,24,24,24,24
24,24,24,24,24
24,24,24,24,24
24,24,24,24,24
24,24,24,24,24
24,24,24,24,24
24,24,24,24,24
24,24,24,24,24
24,24,24,24,24
24,24,24,24,24
24,24,24,24,24
24,24,24,24,24
24,24,24,24,24
24,24,24,24,24
24,24,24,24,24
24,24,24,24,24
24,24,24,24,24
24,24,24,24,24
24,24,24,24,24
24,24,24,24,24
24,24,24,24,24
24,24,24,24,24
24,24,24,24,24
24,24,24,24,24
24,24,24,24,24
24,24,24,24,24
24,24,24,24,24
24,24,24,24,24
24,24,24,24,24
24,24,24,24,24
24,24,24,24,24
24,24,24,24,24
24,24,24,24,24
24,24,24,24,24
24,24,24,24,24
24,24,24,24,24
24,24,24,24,24
24,24,24,24,24
24,24,24,24,24
24,24,24,24,24
24,24,24,24,24
24,24,24,24,24
24,24,24,24,24
24,24,24,24,24
24,24,24,24,24
24,24,24,24,24
24,24,24,24,24
24,24,24,24,24
24,24,24,24,24
24,24,24,24,24
24,24,24,24,24
24,24,24,24,24
24,24,24,24,24
24,24,24,24,24
24,24,24,24,24
24,24,24,24,24
24,24,24,24,24
24,24,24,24,24
24,24,24,24,24
24,24,24,24,24
24,24,24,24,24
24,24,24,24,24
24,24,24,24,24
24,24,24,24,24
24,24,24,24,24
24,24,24,24,24
24,24,24,24,24
24,24,24,24,24
24,24,24,24,24
24,24,24,24,24
24,24,24,24,24
24,24,24,24,24
24,24,24,24,24
24,24,24,24,24
24,24,24,24,24
24,24,24,24,24
24,24,24,24,24
24,24,24,24,24
24,24,24,24,24
24,24,24,24,24
24,24,24,24,24
24,24,24,24,24
24,24,24,24,24
24,24,24,24,24
24,24,24,24,24
24,24,24,24,24
24,24,24,24,24
24,24,24,24,24
24,24,24,24,24
24,24,24,24,24
24,24,24,24,24
24,24,24,24,24
24,24,24,24,24
24,24,24,24,24
24,24,24,24,24
24,24,24,24,24
24,24,24,24,24
24,24,24,24,24
24,24,24,24,24
24,24,24,24,24
24,24,24,24,24
24,24,24,24,24
24,24,24,24,24
24,24,24,24,24
24,24,24,24,24
24,24,24,24,24
24,24,24,24,24
24,24,24,24,24
24,24,24,24,24
24,24,24,24,24
24,24,24,24,24
24,24,24,24,24
24,24,24,24,24
24,24,24,24,24
24,24,24,24,24
24,24,24,24,24
24,24,24,24,24
24,24,24,24,24
24,24,24,24,24
24,24,24,24,24
24,24,24,24,24
24,24,24,24,24
24,24,24,24,24
24,24,24,24,24
24,24,24,24,24
24,24,24,24,24
24,24,24,24,24
24,24,24,24,24
24,24,24,24,24
24,24,24,24,24
24,24,24,24,24
24,24,24,24,24
24,24,24,24,24
24,24,24,24,24
24,24,24,24,24
24,24,24,24,24
24,24,24,24,24
24,24,24,24,24
24,24,24,24,24
24,24,24,24,24
24,24,24,24,24
24,24,24,24,24
24,24,24,24,24
24,24,24,24,24
24,24,24,24,24
24,24,24,24,24
24,24,24,24,24
24,24,24,24,24
24,24,24,24,24
24,24,24,24,24
24,24,24,24,24
24,24,24,24,24
24,24,24,24,24
24,24,24,24,24
24,24,24,24,24
24,24,24,24,24
24,24,24,24,24
24,24,24,24,24
24,24,24,24,24
24,24,24,24,24
24,24,24,24,24
24,24,24,24,24
24,24,24,24,24
24,24,24,24,24
24,24,24,24,24
24,24,24,24,24
24,24,24,24,24
24,24,24,24,24
24,24,24,24,24
24,24,24,24,24
24,24,24,24,24
24,24,24,24,24
24,24,24,24,24
24,24,24,24,24
24,24,24,24,24
24,24,24,24,24
24,24,24,24,24
24,24,24,24,24
24,24,24,24,24
24,24,24,24,24
24,24,24,24,24
24,24,24,24,24
24,24,24,24,24
24,24,24,24,24
24,24,24,24,24
24,24,24,24,24
24,24,24,24,24
24,24,24,24,24
24,24,24,24,24
24,24,24,24,24
24,24,24,24,24
24,24,24,24,24
24,24,24,24,24
24,24,24,24,24
24,24,24,24,24
24,24,24,24,24
24,24,24,24,24
24,24,24,24,24
24,24,24,24,24
24,24,24,24,24
24,24,24,24,24
24,24,24,24,24
24,24,24,24,24
24,24,24,24,24
24,24,24,24,24
24,24,24,24,24
24,24,24,24,24
24,24,24,24,24
24,24,24,24,24
24,24,24,24,24
24,24,24,24,24
24,24,24,24,24
24,24,24,24,24
24,24,24,24,24
24,24,24,24,24
24,24,24,24,24
24,24,24,24,24
24,24,24,24,24
24,24,24,24,24
24,24,24,24,24
24,24,24,24,24
24,24,24,24,24
24,24,24,24,24
24,24,24,24,24
24,24,24,24,24
24,24,24,24,24
24,24,24,24,24
24,24,24,24,24
24,24,24,24,24
24,24,24,24,24
24,24,24,24,24
24,24,24,24,24
24,24,24,24,24
24,24,24,24,24
24,24,24,24,24
24,24,24,24,24
24,24,24,24,24
24,24,24,24,24
24,24,24,24,24
24,24,24,24,24
24,24,24,24,24
24,24,24,24,24
24,24,24,24,24
24,24,24,24,24
24,24,24,24,24
24,24,24,24,24
24,24,24,24,24
24,24,24,24,24
24,24,24,24,24
24,24,24,24,24
24,24,24,24,24
24,24,24,24,24
24,24,24,24,24
24,24,24,24,24
24,24,24,24,24
24,24,24,24,24
24,24,24,24,24
24,24,24,24,24
24,24,24,24,24
24,24,24,24,24
24,24,24,24,24
24,24,24,24,24
24,24,24,24,24
24,24,24,24,24
24,24,24,24,24
24,24,24,24,24
24,24,24,24,24
24,24,24,24,24
24,24,24,24,24
24,24,24,24,24
24,24,24,24,24
24,24,24,24,24
24,24,24,24,24
24,24,24,24,24
24,24,24,24,24
24,24,24,24,24
24,24,24,24,24
24,24,24,24,24
24,24,24,24,24
24,24,24,24,24
24,24,24,24,24
24,24,24,24,24
24,24,24,24,24
24,24,24,24,24
24,24,24,24,24
24,24,24,24,24
24,24,24,24,24
24,24,24,24,24
24,24,24,24,24
24,24,24,24,24
24,24,24,24,24
24,24,24,24,24
24,24,24,24,24
24,24,24,24,24
24,24,24,24,24
24,24,24,24,24
24,24,24,24,24
24,24,24,24,24
24,24,24,24,24
24,24,24,24,24
24,24,24,24,24
24,24,24,24,24
24,24,24,24,24
24,24,24,24,24
24,24,24,24,24
24,24,24,24,24
24,24,24,24,24
24,24,24,24,24
24,24,24,24,24
24,24,24,24,24
24,24,24,24,24
24,24,24,24,24
24,24,24,24,24
24,24,24,24,24
24,24,24,24,24
24,24,24,24,24
24,24,24,24,24
24,24,24,24,24
24,24,24,24,24
24,24,24,24,24
24,24,24,24,24
24,24,24,24,24
24,24,24,24,24
24,24,24,24,24
24,24,24,24,24
24,24,24,24,24
24,24,24,24,24
24,24,24,24,24
24,24,24,24,24
24,24,24,24,24
24,24,24,24,24
24,24,24,24,24
24,24,24,24,24
24,24,24,24,24
24,24,24,24,24
24,24,24,24,24
24,24,24,24,24
24,24,24,24,24
24,24,24,24,24
24,24,24,24,24
24,24,24,24,24
24,24,24,24,24
24,24,24,24,24
24,24,24,24,24
24,24,24,24,24
24,24,24,24,24
24,24,24,24,24
24,24,24,24,24
24,24,24,24,24
24,24,24,24,24
24,24,24,24,24
24,24,24,24,24
24,24,24,24,24
24,24,24,24,24
24,24,24,24,24
24,24,24,24,24
24,24,24,24,24
24,24,24,24,24
24,24,24,24,24
24,24,24,24,24
24,24,24,24,24
24,24,24,24,24
24,24,24,24,24
24,24,24,24,24
24,24,24,24,24
24,24,24,24,24
24,24,24,24,24
24,24,24,24,24
24,24,24,24,24
24,24,24,24,24
24,24,24,24,24
24,24,24,24,24
24,24,24,24,24
24,24,24,24,24
24,24,24,24,24
24,24,24,24,24
24,24,24,24,24
24,24,24,24,24
24,24,24,24,24
24,24,24,24,24
24,24,24,24,24
24,24,24,24,24
24,24,24,24,24
24,24,24,24,24
24,24,24,24,24
24,24,24,24,24
24,24,24,24,24
24,24,24,24,24
24,24,24,24,24
24,24,24,24,24
24,24,24,24,24
24,24,24,24,24
24,24,24,24,24
24,24,24,24,24
24,24,24,24,24
24,24,24,24,24
24,24,24,24,24
24,24,24,24,24
24,24,24,24,24
24,24,24,24,24
24,24,24,24,24
24,24,24,24,24
24,24,24,24,24
24,24,24,24,24
24,24,24,24,24
24,24,24,24,24
24,24,24,24,24
24,24,24,24,24
24,24,24,24,24
24,24,24,24,24
24,24,24,24,24
24,24,24,24,24
24,24,24,24,24
24,24,24,24,24
24,24,24,24,24
24,24,24,24,24
24,24,24,24,24
24,24,24,24,24
24,24,24,24,24
24,24,24,24,24
24,24,24,24,24
24,24,24,24,24
24,24,24,24,24
24,24,24,24,24
24,24,24,24,24
24,24,24,24,24
24,24,24,24,24
24,24,24,24,24
24,24,24,24,24
24,24,24,24,24
24,24,24,24,24
24,24,24,24,24
24,24,24,24,24
24,24,24,24,24
24,24,24,24,24
24,24,24,24,24
24,24,24,24,24
24,24,24,24,24
24,24,24,24,24
24,24,24,24,24
24,24,24,24,24
24,24,24,24,24
24,24,24,24,24
24,24,24,24,24
24,24,24,24,24
24,24,24,24,24
24,24,24,24,24
24,24,24,24,24
24,24,24,24,24
24,24,24,24,24
24,24,24,24,24
24,24,24,24,24
24,24,24,24,24
24,24,24,24,24
24,24,24,24,24
24,24,24,24,24
24,24,24,24,24
24,24,24,24,24
24,24,24,24,24
24,24,24,24,24
24,24,24,24,24
24,24,24,24,24
24,24,24,24,24
24,24,24,24,24
24,24,24,24,24
24,24,24,24,24
24,24,24,24,24
24,24,24,24,24
24,24,24,24,24
24,24,24,24,24
24,24,24,24,24
24,24,24,24,24
24,24,24,24,24
24,24,24,24,24
24,24,24,24,24
24,24,24,24,24
24,24,24,24,24
24,24,24,24,24
24,24,24,24,24
24,24,24,24,24
24,24,24,24,24
24,24,24,24,24
24,24,24,24,24
24,24,24,24,24
24,24,24,24,24
24,24,24,24,24
24,24,24,24,24
24,24,24,24,24
24,24,24,24,24
24,24,24,24,24
24,24,24,24,24
24,24,24,24,24
24,24,24,24,24
24,24,24,24,24
24,24,24,24,24
24,24,24,24,24
24,24,24,24,24
24,24,24,24,24
24,24,24,24,24
24,24,24,24,24
24,24,24,24,24
24,24,24,24,24
24,24,24,24,24
24,24,24,24,24
24,24,24,24,24
24,24,24,24,24
24,24,24,24,24
24,24,24,24,24
24,24,24,24,24
24,24,24,24,24
24,24,24,24,24
24,24,24,24,24
24,24,24,24,24
24,24,24,24,24
24,24,24,24,24
24,24,24,24,24
24,24,24,24,24
24,24,24,24,24
24,24,24,24,24
24,24,24,24,24
24,24,24,24,24
24,24,24,24,24
24,24,24,24,24
24,24,24,24,24
24,24,24,24,24
24,24,24,24,24
24,24,24,24,24
24,24,24,24,24
24,24,24,24,24
24,24,24,24,24
24,24,24,24,24
24,24,24,24,24
24,24,24,24,24
24,24,24,24,24
24,24,24,24,24
24,24,24,24,24
24,24,24,24,24
24,24,24,24,24
24,24,24,24,24
24,24,24,24,24
24,24,24,24,24
24,24,24,24,24
24,24,24,24,24
24,24,24,24,24
24,24,24,24,24
24,24,24,24,24
24,24,24,24,24
24,24,24,24,24
24,24,24,24,24
24,24,24,24,24
24,24,24,24,24
24,24,24,24,24
24,24,24,24,24
24,24,24,24,24
24,24,24,24,24
24,24,24,24,24
24,24,24,24,24
24,24,24,24,24
24,24,24,24,24
24,24,24,24,24
24,24,24,24,24
24,24,24,24,24
24,24,24,24,24
24,24,24,24,24
24,24,24,24,24
24,24,24,24,24
24,24,24,24,24
24,24,24,24,24
24,24,24,24,24
24,24,24,24,24
24,24,24,24,24
24,24,24,24,24
24,24,24,24,24
24,24,24,24,24
24,24,24,24,24
24,24,24,24,24
24,24,24,24,24
24,24,24,24,24
24,24,24,24,24
24,24,24,24,24
24,24,24,24,24
24,24,24,24,24
24,24,24,24,24
24,24,24,24,24
24,24,24,24,24
24,24,24,24,24
24,24,24,24,24
24,24,24,24,24
24,24,24,24,24
24,24,24,24,24
24,24,24,24,24
24,24,24,24,24
24,24,24,24,24
24,24,24,24,24
24,24,24,24,24
24,24,24,24,24
24,24,24,24,24
24,24,24,24,24
24,24,24,24,24
24,24,24,24,24
24,24,24,24,24
24,24,24,24,24
24,24,24,24,24
24,24,24,24,24
24,24,24,24,24
24,24,24,24,24
24,24,24,24,24
24,24,24,24,24
24,24,24,24,24
24,24,24,24,24
24,24,24,24,24
24,24,24,24,24
24,24,24,24,24
24,24,24,24,24
24,24,24,24,24
24,24,24,24,24
24,24,24,24,24
24,24,24,24,24
24,24,24,24,24
24,24,24,24,24
24,24,24,24,24
24,24,24,24,24
24,24,24,24,24
24,24,24,24,24
24,24,24,24,24
24,24,24,24,24
24,24,24,24,24
24,24,24,24,24
24,24,24,24,24
24,24,24,24,24
24,24,24,24,24
24,24,24,24,24
24,24,24,24,24
24,24,24,24,24
24,24,24,24,24
24,24,24,24,24
24,24,24,24,24
24,24,24,24,24
24,24,24,24,24
24,24,24,24,24
24,24,24,24,24
24,24,24,24,24
24,24,24,24,24
24,24,24,24,24
24,24,24,24,24
24,24,24,24,24
24,24,24,24,24
24,24,24,24,24
24,24,24,24,24
24,24,24,24,24
24,24,24,24,24
24,24,24,24,24
24,24,24,24,24
24,24,24,24,24
24,24,24,24,24
24,24,24,24,24
24,24,24,24,24
24,24,24,24,24
24,24,24,24,24
24,24,24,24,24
24,24,24,24,24
24,24,24,24,24
24,24,24,24,24
24,24,24,24,24
24,24,24,24,24
24,24,24,24,24
24,24,24,24,24
24,24,24,24,24
24,24,24,24,24
24,24,24,24,24
24,24,24,24,24
24,24,24,24,24
24,24,24,24,24
24,24,24,24,24
24,24,24,24,24
24,24,24,24,24
24,24,24,24,24
24,24,24,24,24
24,24,24,24,24
24,24,24,24,24
24,24,24,24,24
24,24,24,24,24
24,24,24,24,24
24,24,24,24,24
24,24,24,24,24
24,24,24,24,24
24,24,24,24,24
24,24,24,24,24
24,24,24,24,24
24,24,24,24,24
24,24,24,24,24
24,24,24,24,24
24,24,24,24,24
24,24,24,24,24
24,24,24,24,24
24,24,24,24,24
24,24,24,24,24
24,24,24,24,24
24,24,24,24,24
24,24,24,24,24
24,24,24,24,24
24,24,24,24,24
24,24,24,24,24
24,24,24,24,24
24,24,24,24,24
24,24,24,24,24
24,24,24,24,24
24,24,24,24,24
24,24,24,24,24
24,24,24,24,24
24,24,24,24,24
24,24,24,24,24
24,24,24,24,24
24,24,24,24,24
24,24,24,24,24
24,24,24,24,24
24,24,24,24,24
24,24,24,24,24
24,24,24,24,24
24,24,24,24,24
24,24,24,24,24
24,24,24,24,24
24,24,24,24,24
24,24,24,24,24
24,24,24,24,24
24,24,24,24,24
24,24,24,24,24
24,24,24,24,24
24,24,24,24,24
24,24,24,24,24
24,24,24,24,24
24,24,24,24,24
24,24,24,24,24
24,24,24,24,24
24,24,24,24,24
24,24,24,24,24
24,24,24,24,24
24,24,24,24,24
24,24,24,24,24
24,24,24,24,24
24,24,24,24,24
24,24,24,24,24
24,24,24,24,24
24,24,24,24,24
24,24,24,24,24
24,24,24,24,24
24,24,24,24,24
24,24,24,24,24
24,24,24,24,24
24,24,24,24,24
24,24,24,24,24
24,24,24,24,24
24,24,24,24,24
24,24,24,24,24
24,24,24,24,24
24,24,24,24,24
24,24,24,24,24
24,24,24,24,24
24,24,24,24,24
24,24,24,24,24
24,24,24,24,24
24,24,24,24,24
24,24,24,24,24
24,24,24,24,24
24,24,24,24,24
24,24,24,24,24
24,24,24,24,24
24,24,24,24,24
24,24,24,24,24
24,24,24,24,24
24,24,24,24,24
24,24,24,24,24
24,24,24,24,24
24,24,24,24,24
24,24,24,24,24
24,24,24,24,24
24,24,24,24,24
24,24,24,24,24
24,24,24,24,24
24,24,24,24,24
24,24,24,24,24
24,24,24,24,24
24,24,24,24,24
24,24,24,24,24
24,24,24,24,24
24,24,24,24,24
24,24,24,24,24
24,24,24,24,24
24,24,24,24,24
24,24,24,24,24
24,24,24,24,24
24,24,24,24,24
24,24,24,24,24
24,24,24,24,24
24,24,24,24,24
24,24,24,24,24
24,24,24,24,24
24,24,24,24,24
24,24,24,24,24
24,24,24,24,24
24,24,24,24,24
24,24,24,24,24
24,24,24,24,24
24,24,24,24,24
24,24,24,24,24
24,24,24,24,24
24,24,24,24,24
24,24,24,24,24
24,24,24,24,24
24,24,24,24,24
24,24,24,24,24
24,24,24,24,24
24,24,24,24,24
24,24,24,24,24
24,24,24,24,24
24,24,24,24,24
24,24,24,24,24
24,24,24,24,24
24,24,24,24,24
24,24,24,24,24
24,24,24,24,24
24,24,24,24,24
24,24,24,24,24
24,24,24,24,24
24,24,24,24,24
24,24,24,24,24
24,24,24,24,24
24,24,24,24,24
24,24,24,24,24
24,24,24,24,24
24,24,24,24,24
24,24,24,24,24
24,24,24,24,24
24,24,24,24,24
24,24,24,24,24
24,24,24,24,24
24,24,24,24,24
24,24,24,24,24
24,24,24,24,24
24,24,24,24,24
24,24,24,24,24
24,24,24,24,24
24,24,24,24,24
24,24,24,24,24
24,24,24,24,24
24,24,24,24,24
24,24,24,24,24
24,24,24,24,24
24,24,24,24,24
24,24,24,24,24
24,24,24,24,24
24,24,24,24,24
24,24,24,24,24
24,24,24,24,24
24,24,24,24,24
24,24,24,24,24
24,24,24,24,24
24,24,24,24,24
24,24,24,24,24
24,24,24,24,24
24,24,24,24,24
24,24,24,24,24
24,24,24,24,24
24,24,24,24,24
24,24,24,24,24
24,24,24,24,24
24,24,24,24,24
24,24,24,24,24
24,24,24,24,24
24,24,24,24,24
24,24,24,24,24
24,24,24,24,24
24,24,24,24,24
24,24,24,24,24
24,24,24,24,24
24,24,24,24,24
24,24,24,24,24
24,24,24,24,24
24,24,24,24,24
24,24,24,24,24
24,24,24,24,24
24,24,24,24,24
24,24,24,24,24
24,24,24,24,24
24,24,24,24,24
24,24,24,24,24
24,24,24,24,24
24,24,24,24,24
24,24,24,24,24
24,24,24,24,24
24,24,24,24,24
24,24,24,24,24
24,24,24,24,24
24,24,24,24,24
24,24,24,24,24
24,24,24,24,24
24,24,24,24,24
24,24,24,24,24
24,24,24,24,24
24,24,24,24,24
24,24,24,24,24
24,24,24,24,24
24,24,24,24,24
24,24,24,24,24
24,24,24,24,24
24,24,24,24,24
24,24,24,24,24
24,24,24,24,24
24,24,24,24,24
24,24,24,24,24
24,24,24,24,24
24,24,24,24,24
24,24,24,24,24
24,24,24,24,24
24,24,24,24,24
24,24,24,24,24
24,24,24,24,24
24,24,24,24,24
24,24,24,24,24
24,24,24,24,24
24,24,24,24,24
24,24,24,24,24
24,24,24,24,24
24,24,24,24,24
24,24,24,24,24
24,24,24,24,24
24,24,24,24,24
24,24,24,24,24
24,24,24,24,24
24,24,24,24,24
24,24,24,24,24
24,24,24,24,24
24,24,24,24,24
24,24,24,24,24
24,24,24,24,24
24,24,24,24,24
24,24,24,24,24
24,24,24,24,24
24,24,24,24,24
24,24,24,24,24
24,24,24,24,24
24,24,24,24,24
24,24,24,24,24
24,24,24,24,24
24,24,24,24,24
24,24,24,24,24
24,24,24,24,24
24,24,24,24,24
24,24,24,24,24
24,24,24,24,24
24,24,24,24,24
24,24,24,24,24
24,24,24,24,24
24,24,24,24,24
24,24,24,24,24
24,24,24,24,24
24,24,24,24,24
24,24,24,24,24
24,24,24,24,24
24,24,24,24,24
24,24,24,24,24
24,24,24,24,24
24,24,24,24,24
24,24,24,24,24
24,24,24,24,24
24,24,24,24,24
24,24,24,24,24
24,24,24,24,24
24,24,24,24,24
24,24,24,24,24
24,24,24,24,24
24,24,24,24,24
24,24,24,24,24
24,24,24,24,24
24,24,24,24,24
24,24,24,24,24
24,24,24,24,24
24,24,24,24,24
24,24,24,24,24
24,24,24,24,24
24,24,24,24,24
24,24,24,24,24
24,24,24,24,24
24,24,24,24,24
24,24,24,24,24
24,24,24,24,24
24,24,24,24,24
24,24,24,24,24
24,24,24,24,24
24,24,24,24,24
24,24,24,24,24
24,24,24,24,24
24,24,24,24,24
24,24,24,24,24
24,24,24,24,24
24,24,24,24,24
24,24,24,24,24
24,24,24,24,24
24,24,24,24,24
24,24,24,24,24
24,24,24,24,24
24,24,24,24,24
24,24,24,24,24
24,24,24,24,24
24,24,24,24,24
24,24,24,24,24
24,24,24,24,24
24,24,24,24,24
24,24,24,24,24
24,24,24,24,24
24,24,24,24,24
24,24,24,24,24
24,24,24,24,24
24,24,24,24,24
24,24,24,24,24
24,24,24,24,24
24,24,24,24,24
24,24,24,24,24
24,24,24,24,24
24,24,24,24,24
24,24,24,24,24
24,24,24,24,24
24,24,24,24,24
24,24,24,24,24
24,24,24,24,24
24,24,24,24,24
24,24,24,24,24
24,24,24,24,24
24,24,24,24,24
24,24,24,24,24
24,24,24,24,24
24,24,24,24,24
24,24,24,24,24
24,24,24,24,24
24,24,24,24,24
24,24,24,24,24
24,24,24,24,24
24,24,24,24,24
24,24,24,24,24
24,24,24,24,24
24,24,24,24,24
24,24,24,24,24
24,24,24,24,24
24,24,24,24,24
24,24,24,24,24
24,24,24,24,24
24,24,24,24,24
24,24,24,24,24
24,24,24,24,24
24,24,24,24,24
24,24,24,24,24
24,24,24,24,24
24,24,24,24,24
24,24,24,24,24
24,24,24,24,24
24,24,24,24,24
24,24,24,24,24
24,24,24,24,24
24,24,24,24,24
24,24,24,24,24
24,24,24,24,24
24,24,24,24,24
24,24,24,24,24
24,24,24,24,24
24,24,24,24,24
24,24,24,24,24
24,24,24,24,24
24,24,24,24,24
24,24,24,24,24
24,24,24,24,24
24,24,24,24,24
24,24,24,24,24
24,24,24,24,24
24,24,24,24,24
24,24,24,24,24
24,24,24,24,24
24,24,24,24,24
24,24,24,24,24
24,24,24,24,24
24,24,24,24,24
24,24,24,24,24
24,24,24,24,24
24,24,24,24,24
24,24,24,24,24
24,24,24,24,24
24,24,24,24,24
24,24,24,24,24
24,24,24,24,24
24,24,24,24,24
24,24,24,24,24
24,24,24,24,24
24,24,24,24,24
24,24,24,24,24
24,24,24,24,24
24,24,24,24,24
24,24,24,24,24
24,24,24,24,24
24,24,24,24,24
24,24,24,24,24
24,24,24,24,24
24,24,24,24,24
24,24,24,24,24
24,24,24,24,24
24,24,24,24,24
24,24,24,24,24
24,24,24,24,24
24,24,24,24,24
24,24,24,24,24
24,24,24,24,24
24,24,24,24,24
24,24,24,24,24
24,24,24,24,24
24,24,24,24,24
24,24,24,24,24
24,24,24,24,24
24,24,24,24,24
24,24,24,24,24
24,24,24,24,24
24,24,24,24,24
24,24,24,24,24
24,24,24,24,24
24,24,24,24,24
24,24,24,24,24
24,24,24,24,24
24,24,24,24,24
24,24,24,24,24
24,24,24,24,24
24,24,24,24,24
24,24,24,24,24
24,24,24,24,24
24,24,24,24,24
24,24,24,24,24
24,24,24,24,24
24,24,24,24,24
24,24,24,24,24
24,24,24,24,24
24,24,24,24,24
24,24,24,24,24
24,24,24,24,24
24,24,24,24,24
24,24,24,24,24
24,24,24,24,24
24,24,24,24,24
24,24,24,24,24
24,24,24,24,24
24,24,24,24,24
24,24,24,24,24
24,24,24,24,24
24,24,24,24,24
24,24,24,24,24
24,24,24,24,24
24,24,24,24,24
24,24,24,24,24
24,24,24,24,24
24,24,24,24,24
24,24,24,24,24
24,24,24,24,24
24,24,24,24,24
24,24,24,24,24
24,24,24,24,24
24,24,24,24,24
24,24,24,24,24
24,24,24,24,24
24,24,24,24,24
24,24,24,24,24
24,24,24,24,24
24,24,24,24,24
24,24,24,24,24
24,24,24,24,24
24,24,24,24,24
24,24,24,24,24
24,24,24,24,24
24,24,24,24,24
24,24,24,24,24
24,24,24,24,24
24,24,24,24,24
24,24,24,24,24
24,24,24,24,24
24,24,24,24,24
24,24,24,24,24
24,24,24,24,24
24,24,24,24,24
24,24,24,24,24
24,24,24,24,24
24,24,24,24,24
24,24,24,24,24
24,24,24,24,24
24,24,24,24,24
24,24,24,24,24
24,24,24,24,24
24,24,24,24,24
24,24,24,24,24
24,24,24,24,24
24,24,24,24,24
24,24,24,24,24
24,24,24,24,24
24,24,24,24,24
24,24,24,24,24
24,24,24,24,24
24,24,24,24,24
24,24,24,24,24
24,24,24,24,24
24,24,24,24,24
24,24,24,24,24
24,24,24,24,24
24,24,24,24,24
24,24,24,24,24
24,24,24,24,24
24,24,24,24,24
24,24,24,24,24
24,24,24,24,24
24,24,24,24,24
24,24,24,24,24
24,24,24,24,24
24,24,24,24,24
24,24,24,24,24
24,24,24,24,24
24,24,24,24,24
24,24,24,24,24
24,24,24,24,24
24,24,24,24,24
24,24,24,24,24
24,24,24,24,24
24,24,24,24,24
24,24,24,24,24
24,24,24,24,24
24,24,24,24,24
24,24,24,24,24
24,24,24,24,24
24,24,24,24,24
24,24,24,24,24
24,24,24,24,24
24,24,24,24,24
24,24,24,24,24
24,24,24,24,24
24,24,24,24,24
24,24,24,24,24
24,24,24,24,24
24,24,24,24,24
24,24,24,24,24
24,24,24,24,24
24,24,24,24,24
24,24,24,24,24
24,24,24,24,24
24,24,24,24,24
24,24,24,24,24
24,24,24,24,24
24,24,24,24,24
24,24,24,24,24
24,24,24,24,24
24,24,24,24,24
24,24,24,24,24
24,24,24,24,24
24,24,24,24,24
24,24,24,24,24
24,24,24,24,24
24,24,24,24,24
24,24,24,24,24
24,24,24,24,24
24,24,24,24,24
24,24,24,24,24
24,24,24,24,24
24,24,24,24,24
24,24,24,24,24
24,24,24,24,24
24,24,24,24,24
24,24,24,24,24
24,24,24,24,24
24,24,24,24,24
24,24,24,24,24
24,24,24,24,24
24,24,24,24,24
24,24,24,24,24
24,24,24,24,24
24,24,24,24,24
24,24,24,24,24
24,24,24,24,24
24,24,24,24,24
24,24,24,24,24
24,24,24,24,24
24,24,24,24,24
24,24,24,24,24
24,24,24,24,24
24,24,24,24,24
24,24,24,24,24
24,24,24,24,24
24,24,24,24,24
24,24,24,24,24
24,24,24,24,24
24,24,24,24,24
24,24,24,24,24
24,24,24,24,24
24,24,24,24,24
24,24,24,24,24
24,24,24,24,24
24,24,24,24,24
24,24,24,24,24
24,24,24,24,24
24,24,24,24,24
24,24,24,24,24
24,24,24,24,24
24,24,24,24,24
24,24,24,24,24
24,24,24,24,24
24,24,24,24,24
24,24,24,24,24
24,24,24,24,24
24,24,24,24,24
24,24,24,24,24
24,24,24,24,24
24,24,24,24,24
24,24,24,24,24
24,24,24,24,24
24,24,24,24,24
24,24,24,24,24
24,24,24,24,24
24,24,24,24,24
24,24,24,24,24
24,24,24,24,24
24,24,24,24,24
24,24,24,24,24
24,24,24,24,24
24,24,24,24,24
24,24,24,24,24
24,24,24,24,24
24,24,24,24,24
24,24,24,24,24
24,24,24,24,24
24,24,24,24,24
24,24,24,24,24
24,24,24,24,24
24,24,24,24,24
24,24,24,24,24
24,24,24,24,24
24,24,24,24,24
24,24,24,24,24
24,24,24,24,24
24,24,24,24,24
24,24,24,24,24
24,24,24,24,24
24,24,24,24,24
24,24,24,24,24
24,24,24,24,24
24,24,24,24,24
24,24,24,24,24
24,24,24,24,24
24,24,24,24,24
24,24,24,24,24
24,24,24,24,24
24,24,24,24,24
24,24,24,24,24
24,24,24,24,24
24,24,24,24,24
24,24,24,24,24
24,24,24,24,24
24,24,24,24,24
24,24,24,24,24
24,24,24,24,24
24,24,24,24,24
24,24,24,24,24
24,24,24,24,24
24,24,24,24,24
24,24,24,24,24
24,24,24,24,24
24,24,24,24,24
24,24,24,24,24
24,24,24,24,24
24,24,24,24,24
24,24,24,24,24
24,24,24,24,24
24,24,24,24,24
24,24,24,24,24
24,24,24,24,24
24,24,24,24,24
24,24,24,24,24
24,24,24,24,24
24,24,24,24,24
24,24,24,24,24
24,24,24,24,24
24,24,24,24,24
24,24,24,24,24
24,24,24,24,24
24,24,24,24,24
24,24,24,24,24
24,24,24,24,24
24,24,24,24,24
24,24,24,24,24
24,24,24,24,24
24,24,24,24,24
24,24,24,24,24
24,24,24,24,24
24,24,24,24,24
24,24,24,24,24
24,24,24,24,24
24,24,24,24,24
24,24,24,24,24
24,24,24,24,24
24,24,24,24,24
24,24,24,24,24
24,24,24,24,24
24,24,24,24,24
24,24,24,24,24
24,24,24,24,24
24,24,24,24,24
24,24,24,24,24
24,24,24,24,24
24,24,24,24,24
24,24,24,24,24
24,24,24,24,24
24,24,24,24,24
24,24,24,24,24
24,24,24,24,24
24,24,24,24,24
24,24,24,24,24
24,24,24,24,24
24,24,24,24,24
24,24,24,24,24
24,24,24,24,24
24,24,24,24,24
24,24,24,24,24
24,24,24,24,24
24,24,24,24,24
24,24,24,24,24
24,24,24,24,24
24,24,24,24,24
24,24,24,24,24
24,24,24,24,24
24,24,24,24,24
24,24,24,24,24
24,24,24,24,24
24,24,24,24,24
24,24,24,24,24
24,24,24,24,24
24,24,24,24,24
24,24,24,24,24
24,24,24,24,24
24,24,24,24,24
24,24,24,24,24
24,24,24,24,24
24,24,24,24,24
24,24,24,24,24
24,24,24,24,24
24,24,24,24,24
24,24,24,24,24
24,24,24,24,24
24,24,24,24,24
24,24,24,24,24
24,24,24,24,24
24,24,24,24,24
24,24,24,24,24
24,24,24,24,24
24,24,24,24,24
24,24,24,24,24
24,24,24,24,24
24,24,24,24,24
24,24,24,24,24
24,24,24,24,24
24,24,24,24,24
24,24,24,24,24
24,24,24,24,24
24,24,24,24,24
24,24,24,24,24
24,24,24,24,24
24,24,24,24,24
24,24,24,24,24
24,24,24,24,24
24,24,24,24,24
24,24,24,24,24
24,24,24,24,24
24,24,24,24,24
24,24,24,24,24
24,24,24,24,24
24,24,24,24,24
24,24,24,24,24
24,24,24,24,24
24,24,24,24,24
24,24,24,24,24
24,24,24,24,24
24,24,24,24,24
24,24,24,24,24
24,24,24,24,24
24,24,24,24,24
24,24,24,24,24
24,24,24,24,24
24,24,24,24,24
24,24,24,24,24
24,24,24,24,24
24,24,24,24,24
24,24,24,24,24
24,24,24,24,24
24,24,24,24,24
24,24,24,24,24
24,24,24,24,24
24,24,24,24,24
24,24,24,24,24
24,24,24,24,24
24,24,24,24,24
24,24,24,24,24
24,24,24,24,24
24,24,24,24,24
24,24,24,24,24
24,24,24,24,24
24,24,24,24,24
24,24,24,24,24
24,24,24,24,24
24,24,24,24,24
24,24,24,24,24
24,24,24,24,24
24,24,24,24,24
24,24,24,24,24
24,24,24,24,24
24,24,24,24,24
24,24,24,24,24
24,24,24,24,24
24,24,24,24,24
24,24,24,24,24
24,24,24,24,24
24,24,24,24,24
24,24,24,24,24
24,24,24,24,24
24,24,24,24,24
24,24,24,24,24
24,24,24,24,24
24,24,24,24,24
24,24,24,24,24
24,24,24,24,24
24,24,24,24,24
24,24,24,24,24
24,24,24,24,24
24,24,24,24,24
24,24,24,24,24
24,24,24,24,24
24,24,24,24,24
24,24,24,24,24
24,24,24,24,24
24,24,24,24,24
24,24,24,24,24
24,24,24,24,24
24,24,24,24,24
24,24,24,24,24
24,24,24,24,24
24,24,24,24,24
24,24,24,24,24
24,24,24,24,24
24,24,24,24,24
24,24,24,24,24
24,24,24,24,24
24,24,24,24,24
24,24,24,24,24
24,24,24,24,24
24,24,24,24,24
24,24,24,24,24
24,24,24,24,24
24,24,24,24,24
24,24,24,24,24
24,24,24,24,24
24,24,24,24,24
24,24,24,24,24
24,24,24,24,24
24,24,24,24,24
24,24,24,24,24
24,24,24,24,24
24,24,24,24,24
24,24,24,24,24
24,24,24,24,24
24,24,24,24,24
24,24,24,24,24
24,24,24,24,24
24,24,24,24,24
24,24,24,24,24
24,24,24,24,24
24,24,24,24,24
24,24,24,24,24
24,24,24,24,24
24,24,24,24,24
24,24,24,24,24
24,24,24,24,24
24,24,24,24,24
24,24,24,24,24
24,24,24,24,24
24,24,24,24,24
24,24,24,24,24
24,24,24,24,24
24,24,24,24,24
24,24,24,24,24
24,24,24,24,24
24,24,24,24,24
24,24,24,24,24
24,24,24,24,24
24,24,24,24,24
24,24,24,24,24
24,24,24,24,24
24,24,24,24,24
24,24,24,24,24
24,24,24,24,24
24,24,24,24,24
24,24,24,24,24
24,24,24,24,24
24,24,24,24,24
24,24,24,24,24
24,24,24,24,24
24,24,24,24,24
24,24,24,24,24
24,24,24,24,24
24,24,24,24,24
24,24,24,24,24
24,24,24,24,24
24,24,24,24,24
24,24,24,24,24
24,24,24,24,24
24,24,24,24,24
24,24,24,24,24
24,24,24,24,24
24,24,24,24,24
24,24,24,24,24
24,24,24,24,24
24,24,24,24,24
24,24,24,24,24
24,24,24,24,24
24,24,24,24,24
24,24,24,24,24
24,24,24,24,24
24,24,24,24,24
24,24,24,24,24
24,24,24,24,24
24,24,24,24,24
24,24,24,24,24
24,24,24,24,24
24,24,24,24,24
24,24,24,24,24
24,24,24,24,24
24,24,24,24,24
24,24,24,24,24
24,24,24,24,24
24,24,24,24,24
24,24,24,24,24
24,24,24,24,24
24,24,24,24,24
24,24,24,24,24
24,24,24,24,24
24,24,24,24,24
24,24,24,24,24
24,24,24,24,24
24,24,24,24,24
24,24,24,24,24
24,24,24,24,24
24,24,24,24,24
24,24,24,24,24
24,24,24,24,24
24,24,24,24,24
24,24,24,24,24
24,24,24,24,24
24,24,24,24,24
24,24,24,24,24
24,24,24,24,24
24,24,24,24,24
24,24,24,24,24
24,24,24,24,24
24,24,24,24,24
24,24,24,24,24
24,24,24,24,24
24,24,24,24,24
24,24,24,24,24
24,24,24,24,24
24,24,24,24,24
24,24,24,24,24
24,24,24,24,24
24,24,24,24,24
24,24,24,24,24
24,24,24,24,24
24,24,24,24,24
24,24,24,24,24
24,24,24,24,24
24,24,24,24,24
24,24,24,24,24
24,24,24,24,24
24,24,24,24,24
24,24,24,24,24
24,24,24,24,24
24,24,24,24,24
24,24,24,24,24
24,24,24,24,24
24,24,24,24,24
24,24,24,24,24
24,24,24,24,24
24,24,24,24,24
24,24,24,24,24
24,24,24,24,24
24,24,24,24,24
24,24,24,24,24
24,24,24,24,24
24,24,24,24,24
24,24,24,24,24
24,24,24,24,24
24,24,24,24,24
24,24,24,24,24
24,24,24,24,24
24,24,24,24,24
24,24,24,24,24
24,24,24,24,24
24,24,24,24,24
24,24,24,24,24
24,24,24,24,24
24,24,24,24,24
24,24,24,24,24
24,24,24,24,24
24,24,24,24,24
24,24,24,24,24
24,24,24,24,24
24,24,24,24,24
24,24,24,24,24
24,24,24,24,24
24,24,24,24,24
24,24,24,24,24
24,24,24,24,24
24,24,24,24,24
24,24,24,24,24
24,24,24,24,24
24,24,24,24,24
24,24,24,24,24
24,24,24,24,24
24,24,24,24,24
24,24,24,24,24
24,24,24,24,24
24,24,24,24,24
24,24,24,24,24
24,24,24,24,24
24,24,24,24,24
24,24,24,24,24
24,24,24,24,24
24,24,24,24,24
24,24,24,24,24
24,24,24,24,24
24,24,24,24,24
24,24,24,24,24
24,24,24,24,24
24,24,24,24,24
24,24,24,24,24
24,24,24,24,24
24,24,24,24,24
24,24,24,24,24
24,24,24,24,24
24,24,24,24,24
24,24,24,24,24
24,24,24,24,24
24,24,24,24,24
24,24,24,24,24
24,24,24,24,24
24,24,24,24,24
24,24,24,24,24
24,24,24,24,24
24,24,24,24,24
24,24,24,24,24
24,24,24,24,24
24,24,24,24,24
24,24,24,24,24
24,24,24,24,24
24,24,24,24,24
24,24,24,24,24
24,24,24,24,24
24,24,24,24,24
24,24,24,24,24
24,24,24,24,24
24,24,24,24,24
24,24,24,24,24
24,24,24,24,24
24,24,24,24,24
24,24,24,24,24
24,24,24,24,24
24,24,24,24,24
24,24,24,24,24
24,24,24,24,24
24,24,24,24,24
24,24,24,24,24
24,24,24,24,24
24,24,24,24,24
24,24,24,24,24
24,24,24,24,24
24,24,24,24,24
24,24,24,24,24
24,24,24,24,24
24,24,24,24,24
24,24,24,24,24
24,24,24,24,24
24,24,24,24,24
24,24,24,24,24
24,24,24,24,24
24,24,24,24,24
24,24,24,24,24
24,24,24,24,24
24,24,24,24,24
24,24,24,24,24
24,24,24,24,24
24,24,24,24,24
24,24,24,24,24
24,24,24,24,24
24,24,24,24,24
24,24,24,24,24
24,24,24,24,24
24,24,24,24,24
24,24,24,24,24
24,24,24,24,24
24,24,24,24,24
24,24,24,24,24
24,24,24,24,24
24,24,24,24,24
24,24,24,24,24
24,24,24,24,24
24,24,24,24,24
24,24,24,24,24
24,24,24,24,24
24,24,24,24,24
24,24,24,24,24
24,24,24,24,24
24,24,24,24,24
24,24,24,24,24
24,24,24,24,24
24,24,24,24,24
24,24,24,24,24
24,24,24,24,24
24,24,24,24,24
24,24,24,24,24
24,24,24,24,24
24,24,24,24,24
24,24,24,24,24
24,24,24,24,24
24,24,24,24,24
24,24,24,24,24
24,24,24,24,24
24,24,24,24,24
24,24,24,24,24
24,24,24,24,24
24,24,24,24,24
24,24,24,24,24
24,24,24,24,24
24,24,24,24,24
24,24,24,24,24
24,24,24,24,24
24,24,24,24,24
24,24,24,24,24
24,24,24,24,24
24,24,24,24,24
24,24,24,24,24
24,24,24,24,24
24,24,24,24,24
24,24,24,24,24
24,24,24,24,24
24,24,24,24,24
24,24,24,24,24
24,24,24,24,24
24,24,24,24,24
24,24,24,24,24
24,24,24,24,24
24,24,24,24,24
24,24,24,24,24
24,24,24,24,24
24,24,24,24,24
24,24,24,24,24
24,24,24,24,24
24,24,24,24,24
24,24,24,24,24
24,24,24,24,24
24,24,24,24,24
24,24,24,24,24
24,24,24,24,24
24,24,24,24,24
24,24,24,24,24
24,24,24,24,24
24,24,24,24,24
24,24,24,24,24
24,24,24,24,24
24,24,24,24,24
24,24,24,24,24
24,24,24,24,24
24,24,24,24,24
24,24,24,24,24
24,24,24,24,24
24,24,24,24,24
24,24,24,24,24
24,24,24,24,24
24,24,24,24,24
24,24,24,24,24
24,24,24,24,24
24,24,24,24,24
24,24,24,24,24
24,24,24,24,24
24,24,24,24,24
24,24,24,24,24
24,24,24,24,24
24,24,24,24,24
24,24,24,24,24
24,24,24,24,24
24,24,24,24,24
24,24,24,24,24
24,24,24,24,24
24,24,24,24,24
24,24,24,24,24
24,24,24,24,24
24,24,24,24,24
24,24,24,24,24
24,24,24,24,24
24,24,24,24,24
24,24,24,24,24
24,24,24,24,24
24,24,24,24,24
24,24,24,24,24
24,24,24,24,24
24,24,24,24,24
24,24,24,24,24
24,24,24,24,24
24,24,24,24,24
24,24,24,24,24
24,24,24,24,24
24,24,24,24,24
24,24,24,24,24
24,24,24,24,24
24,24,24,24,24
24,24,24,24,24
24,24,24,24,24
24,24,24,24,24
24,24,24,24,24
24,24,24,24,24
24,24,24,24,24
24,24,24,24,24
24,24,24,24,24
24,24,24,24,24
24,24,24,24,24
24,24,24,24,24
24,24,24,24,24
24,24,24,24,24
24,24,24,24,24
24,24,24,24,24
24,24,24,24,24
24,24,24,24,24
24,24,24,24,24
24,24,24,24,24
24,24,24,24,24
24,24,24,24,24
24,24,24,24,24
24,24,24,24,24
24,24,24,24,24
24,24,24,24,24
24,24,24,24,24
24,24,24,24,24
24,24,24,24,24
24,24,24,24,24
24,24,24,24,24
24,24,24,24,24
24,24,24,24,24
24,24,24,24,24
24,24,24,24,24
24,24,24,24,24
24,24,24,24,24
24,24,24,24,24
24,24,24,24,24
24,24,24,24,24
24,24,24,24,24
24,24,24,24,24
24,24,24,24,24
24,24,24,24,24
24,24,24,24,24
24,24,24,24,24
24,24,24,24,24
24,24,24,24,24
24,24,24,24,24
24,24,24,24,24
24,24,24,24,24
24,24,24,24,24
24,24,24,24,24
24,24,24,24,24
24,24,24,24,24
24,24,24,24,24
24,24,24,24,24
24,24,24,24,24
24,24,24,24,24
24,24,24,24,24
24,24,24,24,24
24,24,24,24,24
24,24,24,24,24
24,24,24,24,24
24,24,24,24,24
24,24,24,24,24
24,24,24,24,24
24,24,24,24,24
24,24,24,24,24
24,24,24,24,24
24,24,24,24,24
24,24,24,24,24
24,24,24,24,24
24,24,24,24,24
24,24,24,24,24
24,24,24,24,24
24,24,24,24,24
24,24,24,24,24
24,24,24,24,24
24,24,24,24,24
24,24,24,24,24
24,24,24,24,24
24,24,24,24,24
24,24,24,24,24
24,24,24,24,24
24,24,24,24,24
24,24,24,24,24
24,24,24,24,24
24,24,24,24,24
24,24,24,24,24
24,24,24,24,24
24,24,24,24,24
24,24,24,24,24
24,24,24,24,24
24,24,24,24,24
24,24,24,24,24
24,24,24,24,24
24,24,24,24,24
24,24,24,24,24
24,24,24,24,24
24,24,24,24,24
24,24,24,24,24
24,24,24,24,24
24,24,24,24,24
24,24,24,24,24
24,24,24,24,24
24,24,24,24,24
24,24,24,24,24
24,24,24,24,24
24,24,24,24,24
24,24,24,24,24
24,24,24,24,24
24,24,24,24,24
24,24,24,24,24
24,24,24,24,24
24,24,24,24,24
24,24,24,24,24
24,24,24,24,24
24,24,24,24,24
24,24,24,24,24
24,24,24,24,24
24,24,24,24,24
24,24,24,24,24
24,24,24,24,24
24,24,24,24,24
24,24,24,24,24
24,24,24,24,24
24,24,24,24,24
24,24,24,24,24
24,24,24,24,24
24,24,24,24,24
24,24,24,24,24
24,24,24,24,24
24,24,24,24,24
24,24,24,24,24
24,24,24,24,24
24,24,24,24,24
24,24,24,24,24
24,24,24,24,24
24,24,24,24,24
24,24,24,24,24
24,24,24,24,24
24,24,24,24,24
24,24,24,24,24
24,24,24,24,24
24,24,24,24,24
24,24,24,24,24
24,24,24,24,24
24,24,24,24,24
24,24,24,24,24
24,24,24,24,24
24,24,24,24,24
24,24,24,24,24
24,24,24,24,24
24,24,24,24,24
24,24,24,24,24
24,24,24,24,24
24,24,24,24,24
24,24,24,24,24
24,24,24,24,24
24,24,24,24,24
24,24,24,24,24
24,24,24,24,24
24,24,24,24,24
24,24,24,24,24
24,24,24,24,24
24,24,24,24,24
24,24,24,24,24
24,24,24,24,24
24,24,24,24,24
24,24,24,24,24
24,24,24,24,24
24,24,24,24,24
24,24,24,24,24
24,24,24,24,24
24,24,24,24,24
24,24,24,24,24
24,24,24,24,24
24,24,24,24,24
24,24,24,24,24
24,24,24,24,24
24,24,24,24,24
24,24,24,24,24
24,24,24,24,24
24,24,24,24,24
24,24,24,24,24
24,24,24,24,24
24,24,24,24,24
24,24,24,24,24
24,24,24,24,24
24,24,24,24,24
24,24,24,24,24
24,24,24,24,24
24,24,24,24,24
24,24,24,24,24
24,24,24,24,24
24,24,24,24,24
24,24,24,24,24
24,24,24,24,24
24,24,24,24,24
24,24,24,24,24
24,24,24,24,24
24,24,24,24,24
24,24,24,24,24
24,24,24,24,24
24,24,24,24,24
24,24,24,24,24
24,24,24,24,24
24,24,24,24,24
24,24,24,24,24
24,24,24,24,24
24,24,24,24,24
24,24,24,24,24
24,24,24,24,24
24,24,24,24,24
24,24,24,24,24
24,24,24,24,24
24,24,24,24,24
24,24,24,24,24
24,24,24,24,24
24,24,24,24,24
24,24,24,24,24
24,24,24,24,24
24,24,24,24,24
24,24,24,24,24
24,24,24,24,24
24,24,24,24,24
24,24,24,24,24
24,24,24,24,24
24,24,24,24,24
24,24,24,24,24
24,24,24,24,24
24,24,24,24,24
24,24,24,24,24
24,24,24,24,24
24,24,24,24,24
24,24,24,24,24
24,24,24,24,24
24,24,24,24,24
24,24,24,24,24
24,24,24,24,24
24,24,24,24,24
24,24,24,24,24
24,24,24,24,24
24,24,24,24,24
24,24,24,24,24
24,24,24,24,24
24,24,24,24,24
24,24,24,24,24
24,24,24,24,24
24,24,24,24,24
24,24,24,24,24
24,24,24,24,24
24,24,24,24,24
24,24,24,24,24
24,24,24,24,24
24,24,24,24,24
24,24,24,24,24
24,24,24,24,24
24,24,24,24,24
24,24,24,24,24
24,24,24,24,24
24,24,24,24,24
24,24,24,24,24
24,24,24,24,24
24,24,24,24,24
24,24,24,24,24
24,24,24,24,24
24,24,24,24,24
24,24,24,24,24
24,24,24,24,24
24,24,24,24,24
24,24,24,24,24
24,24,24,24,24
24,24,24,24,24
24,24,24,24,24
24,24,24,24,24
24,24,24,24,24
24,24,24,24,24
24,24,24,24,24
24,24,24,24,24
24,24,24,24,24
24,24,24,24,24
24,24,24,24,24
24,24,24,24,24
24,24,24,24,24
24,24,24,24,24
24,24,24,24,24
24,24,24,24,24
24,24,24,24,24
24,24,24,24,24
24,24,24,24,24
24,24,24,24,24
24,24,24,24,24
24,24,24,24,24
24,24,24,24,24
24,24,24,24,24
24,24,24,24,24
24,24,24,24,24
24,24,24,24,24
24,24,24,24,24
24,24,24,24,24
24,24,24,24,24
24,24,24,24,24
24,24,24,24,24
24,24,24,24,24
24,24,24,24,24
24,24,24,24,24
24,24,24,24,24
24,24,24,24,24
24,24,24,24,24
24,24,24,24,24
24,24,24,24,24
24,24,24,24,24
24,24,24,24,24
24,24,24,24,24
24,24,24,24,24
24,24,24,24,24
24,24,24,24,24
24,24,24,24,24
24,24,24,24,24
24,24,24,24,24
24,24,24,24,24
24,24,24,24,24
24,24,24,24,24
24,24,24,24,24
24,24,24,24,24
24,24,24,24,24
24,24,24,24,24
24,24,24,24,24
24,24,24,24,24
24,24,24,24,24
24,24,24,24,24
24,24,24,24,24
24,24,24,24,24
24,24,24,24,24
24,24,24,24,24
24,24,24,24,24
24,24,24,24,24
24,24,24,24,24
24,24,24,24,24
24,24,24,24,24
24,24,24,24,24
24,24,24,24,24
24,24,24,24,24
24,24,24,24,24
24,24,24,24,24
24,24,24,24,24
24,24,24,24,24
24,24,24,24,24
24,24,24,24,24
24,24,24,24,24
24,24,24,24,24
24,24,24,24,24
24,24,24,24,24
24,24,24,24,24
24,24,24,24,24
24,24,24,24,24
24,24,24,24,24
24,24,24,24,24
24,24,24,24,24
24,24,24,24,24
24,24,24,24,24
24,24,24,24,24
24,24,24,24,24
24,24,24,24,24
24,24,24,24,24
24,24,24,24,24
24,24,24,24,24
24,24,24,24,24
24,24,24,24,24
24,24,24,24,24
24,24,24,24,24
24,24,24,24,24
24,24,24,24,24
24,24,24,24,24
24,24,24,24,24
24,24,24,24,24
24,24,24,24,24
24,24,24,24,24
24,24,24,24,24
24,24,24,24,24
24,24,24,24,24
24,24,24,24,24
24,24,24,24,24
24,24,24,24,24
24,24,24,24,24
24,24,24,24,24
24,24,24,24,24
24,24,24,24,24
24,24,24,24,24
24,24,24,24,24
24,24,24,24,24
24,24,24,24,24
24,24,24,24,24
24,24,24,24,24
24,24,24,24,24
24,24,24,24,24
24,24,24,24,24
24,24,24,24,24
24,24,24,24,24
24,24,24,24,24
24,24,24,24,24
24,24,24,24,24
24,24,24,24,24
24,24,24,24,24
24,24,24,24,24
24,24,24,24,24
24,24,24,24,24
24,24,24,24,24
24,24,24,24,24
24,24,24,24,24
24,24,24,24,24
24,24,24,24,24
24,24,24,24,24
24,24,24,24,24
24,24,24,24,24
24,24,24,24,24
24,24,24,24,24
24,24,24,24,24
24,24,24,24,24
24,24,24,24,24
24,24,24,24,24
24,24,24,24,24
24,24,24,24,24
24,24,24,24,24
24,24,24,24,24
24,24,24,24,24
24,24,24,24,24
24,24,24,24,24
24,24,24,24,24
24,24,24,24,24
24,24,24,24,24
24,24,24,24,24
24,24,24,24,24
24,24,24,24,24
24,24,24,24,24
24,24,24,24,24
24,24,24,24,24
24,24,24,24,24
24,24,24,24,24
24,24,24,24,24
24,24,24,24,24
24,24,24,24,24
24,24,24,24,24
24,24,24,24,24
24,24,24,24,24
24,24,24,24,24
24,24,24,24,24
24,24,24,24,24
24,24,24,24,24
24,24,24,24,24
24,24,24,24,24
24,24,24,24,24
24,24,24,24,24
24,24,24,24,24
24,24,24,24,24
24,24,24,24,24
24,24,24,24,24
24,24,24,24,24
24,24,24,24,24
24,24,24,24,24
24,24,24,24,24
24,24,24,24,24
24,24,24,24,24
24,24,24,24,24
24,24,24,24,24
24,24,24,24,24
24,24,24,24,24
24,24,24,24,24
24,24,24,24,24
24,24,24,24,24
24,24,24,24,24
24,24,24,24,24
24,24,24,24,24
24,24,24,24,24
24,24,24,24,24
24,24,24,24,24
24,24,24,24,24
24,24,24,24,24
24,24,24,24,24
24,24,24,24,24
24,24,24,24,24
24,24,24,24,24
24,24,24,24,24
24,24,24,24,24
24,24,24,24,24
24,24,24,24,24
24,24,24,24,24
24,24,24,24,24
24,24,24,24,24
24,24,24,24,24
24,24,24,24,24
24,24,24,24,24
24,24,24,24,24
24,24,24,24,24
24,24,24,24,24
24,24,24,24,24
24,24,24,24,24
24,24,24,24,24
24,24,24,24,24
24,24,24,24,24
24,24,24,24,24
24,24,24,24,24
24,24,24,24,24
24,24,24,24,24
24,24,24,24,24
24,24,24,24,24
24,24,24,24,24
24,24,24,24,24
24,24,24,24,24
24,24,24,24,24
24,24,24,24,24
24,24,24,24,24
24,24,24,24,24
24,24,24,24,24
24,24,24,24,24
24,24,24,24,24
24,24,24,24,24
24,24,24,24,24
24,24,24,24,24
24,24,24,24,24
24,24,24,24,24
24,24,24,24,24
24,24,24,24,24
24,24,24,24,24
24,24,24,24,24
24,24,24,24,24
24,24,24,24,24
24,24,24,24,24
24,24,24,24,24
24,24,24,24,24
24,24,24,24,24
24,24,24,24,24
24,24,24,24,24
24,24,24,24,24
24,24,24,24,24
24,24,24,24,24
24,24,24,24,24
24,24,24,24,24
24,24,24,24,24
24,24,24,24,24
24,24,24,24,24
24,24,24,24,24
24,24,24,24,24
24,24,24,24,24
24,24,24,24,24
24,24,24,24,24
24,24,24,24,24
24,24,24,24,24
24,24,24,24,24
24,24,24,24,24
24,24,24,24,24
24,24,24,24,24
24,24,24,24,24
24,24,24,24,24
24,24,24,24,24
24,24,24,24,24
24,24,24,24,24
24,24,24,24,24
24,24,24,24,24
24,24,24,24,24
24,24,24,24,24
24,24,24,24,24
24,24,24,24,24
24,24,24,24,24
24,24,24,24,24
24,24,24,24,24
24,24,24,24,24
24,24,24,24,24
24,24,24,24,24
24,24,24,24,24
24,24,24,24,24
24,24,24,24,24
24,24,24,24,24
24,24,24,24,24
24,24,24,24,24
24,24,24,24,24
24,24,24,24,24
24,24,24,24,24
24,24,24,24,24
24,24,24,24,24
24,24,24,24,24
24,24,24,24,24
24,24,24,24,24
24,24,24,24,24
24,24,24,24,24
24,24,24,24,24
24,24,24,24,24
24,24,24,24,24
24,24,24,24,24
24,24,24,24,24
24,24,24,24,24
24,24,24,24,24
24,24,24,24,24
24,24,24,24,24
24,24,24,24,24
24,24,24,24,24
24,24,24,24,24
24,24,24,24,24
24,24,24,24,24
24,24,24,24,24
24,24,24,24,24
24,24,24,24,24
24,24,24,24,24
24,24,24,24,24
24,24,24,24,24
24,24,24,24,24
24,24,24,24,24
24,24,24,24,24
24,24,24,24,24
24,24,24,24,24
24,24,24,24,24
24,24,24,24,24
24,24,24,24,24
24,24,24,24,24
24,24,24,24,24
24,24,24,24,24
24,24,24,24,24
24,24,24,24,24
24,24,24,24,24
24,24,24,24,24
24,24,24,24,24
24,24,24,24,24
24,24,24,24,24
24,24,24,24,24
24,24,24,24,24
24,24,24,24,24
24,24,24,24,24
24,24,24,24,24
24,24,24,24,24
24,24,24,24,24
24,24,24,24,24
24,24,24,24,24
24,24,24,24,24
24,24,24,24,24
24,24,24,24,24
24,24,24,24,24
24,24,24,24,24
24,24,24,24,24
24,24,24,24,24
24,24,24,24,24
24,24,24,24,24
24,24,24,24,24
24,24,24,24,24
24,24,24,24,24
24,24,24,24,24
24,24,24,24,24
24,24,24,24,24
24,24,24,24,24
24,24,24,24,24
24,24,24,24,24
24,24,24,24,24
24,24,24,24,24
24,24,24,24,24
24,24,24,24,24
24,24,24,24,24
24,24,24,24,24
24,24,24,24,24
24,24,24,24,24
24,24,24,24,24
24,24,24,24,24
24,24,24,24,24
24,24,24,24,24
24,24,24,24,24
24,24,24,24,24
24,24,24,24,24
24,24,24,24,24
24,24,24,24,24
24,24,24,24,24
24,24,24,24,24
24,24,24,24,24
24,24,24,24,24
24,24,24,24,24
24,24,24,24,24
24,24,24,24,24
24,24,24,24,24
24,24,24,24,24
24,24,24,24,24
24,24,24,24,24
24,24,24,24,24
24,24,24,24,24
24,24,24,24,24
24,24,24,24,24
24,24,24,24,24
24,24,24,24,24
24,24,24,24,24
24,24,24,24,24
24,24,24,24,24
24,24,24,24,24
24,24,24,24,24
24,24,24,24,24
24,24,24,24,24
24,24,24,24,24
24,24,24,24,24
24,24,24,24,24
24,24,24,24,24
24,24,24,24,24
24,24,24,24,24
24,24,24,24,24
24,24,24,24,24
24,24,24,24,24
24,24,24,24,24
24,24,24,24,24
24,24,24,24,24
24,24,24,24,24
24,24,24,24,24
24,24,24,24,24
24,24,24,24,24
24,24,24,24,24
24,24,24,24,24
24,24,24,24,24
24,24,24,24,24
24,24,24,24,24
24,24,24,24,24
24,24,24,24,24
24,24,24,24,24
24,24,24,24,24
24,24,24,24,24
24,24,24,24,24
24,24,24,24,24
24,24,24,24,24
24,24,24,24,24
24,24,24,24,24
24,24,24,24,24
24,24,24,24,24
24,24,24,24,24
24,24,24,24,24
24,24,24,24,24
24,24,24,24,24
24,24,24,24,24
24,24,24,24,24
24,24,24,24,24
24,24,24,24,24
24,24,24,24,24
24,24,24,24,24
24,24,24,24,24
24,24,24,24,24
24,24,24,24,24
24,24,24,24,24
24,24,24,24,24
24,24,24,24,24
24,24,24,24,24
24,24,24,24,24
24,24,24,24,24
24,24,24,24,24
24,24,24,24,24
24,24,24,24,24
24,24,24,24,24
24,24,24,24,24
24,24,24,24,24
24,24,24,24,24
24,24,24,24,24
